timestamp,cell_id,prb_utilization_pct,latency_ms,throughput_mbps,active_users,rsrp_dbm,rsrq_db,packet_loss_pct,sla_compliant,link_id,link_utilization,qos_priority,reachability,traffic_type,anomaly_flag
2024-01-01 00:00:00,CELL_007,56.2,6.418,864.5,36,-97.3,-7.29,0.4494,1,link_1,50.0,1.0,0.0,http,1.0
2024-01-01 00:01:00,CELL_020,35.5,29.693,48.97,197,-104.8,-6.69,0.5957,1,link_2,83.0,2.0,1.0,video,0.0
2024-01-01 00:02:00,CELL_015,38.6,10.869,53.18,215,-103.8,-14.02,0.3442,1,link_3,86.0,3.0,1.0,voip,0.0
2024-01-01 00:03:00,CELL_011,33.3,25.479,62.44,206,-87.2,-15.24,0.5568,1,link_4,55.0,4.0,1.0,file_transfer,0.0
2024-01-01 00:04:00,CELL_008,24.0,21.725,43.89,199,-91.6,-14.06,0.682,1,link_5,19.0,5.0,1.0,http,0.0
2024-01-01 00:05:00,CELL_007,94.1,9.203,682.82,45,-112.2,-9.13,0.3167,1,link_6,11.0,1.0,1.0,video,0.0
2024-01-01 00:06:00,CELL_019,75.1,10.6,790.87,50,-114.6,-18.43,0.0929,1,link_7,38.0,2.0,1.0,voip,0.0
2024-01-01 00:07:00,CELL_011,56.4,1.655,306.01,12,-118.5,-8.56,0.0343,1,link_8,76.0,3.0,1.0,file_transfer,0.0
2024-01-01 00:08:00,CELL_011,68.6,10.109,775.87,33,-71.5,-14.97,0.4414,1,link_9,89.0,4.0,1.0,http,0.0
2024-01-01 00:09:00,CELL_004,53.6,15.674,35.76,200,-112.3,-7.01,0.0757,1,link_10,66.0,5.0,1.0,video,0.0
2024-01-01 00:10:00,CELL_008,78.0,12.022,878.42,55,-117.4,-3.7,0.3158,1,link_1,53.0,2.0,1.0,video,0.0
2024-01-01 00:11:00,CELL_003,67.4,9.848,879.42,36,-95.6,-8.07,0.2462,1,link_2,85.0,3.0,1.0,voip,0.0
2024-01-01 00:12:00,CELL_002,68.9,9.096,815.91,45,-115.1,-18.27,0.3651,1,link_3,84.0,4.0,1.0,file_transfer,0.0
2024-01-01 00:13:00,CELL_012,86.6,3.555,1201.89,12,-77.2,-11.84,0.4502,1,link_4,51.0,5.0,1.0,http,0.0
2024-01-01 00:14:00,CELL_006,86.8,9.419,870.92,41,-75.1,-14.82,1.2384,1,link_5,17.0,1.0,1.0,video,0.0
2024-01-01 00:15:00,CELL_002,55.0,0.708,234.54,10,-95.5,-6.44,0.0094,1,link_6,12.0,2.0,1.0,voip,0.0
2024-01-01 00:16:00,CELL_001,70.0,1.866,306.08,14,-107.7,-6.94,0.0506,1,link_7,42.0,3.0,1.0,file_transfer,0.0
2024-01-01 00:17:00,CELL_012,79.0,9.996,760.1,45,-110.9,-11.91,0.0022,1,link_8,79.0,4.0,1.0,http,0.0
2024-01-01 00:18:00,CELL_012,50.8,1.962,193.99,9,-117.6,-5.07,0.0102,1,link_9,88.0,5.0,1.0,video,0.0
2024-01-01 00:19:00,CELL_017,33.0,25.424,24.51,196,-113.1,-17.75,1.0478,1,link_10,62.0,1.0,1.0,voip,0.0
2024-01-01 00:20:00,CELL_010,52.4,1.621,231.97,11,-112.5,-12.8,0.0183,1,link_1,57.0,3.0,1.0,voip,0.0
2024-01-01 00:21:00,CELL_016,23.7,21.074,40.71,198,-98.6,-3.28,0.1659,1,link_2,87.0,4.0,1.0,file_transfer,0.0
2024-01-01 00:22:00,CELL_015,82.9,7.742,915.21,60,-70.5,-6.92,0.9264,1,link_3,82.0,5.0,1.0,http,0.0
2024-01-01 00:23:00,CELL_015,80.3,9.299,868.7,45,-73.2,-10.04,0.7146,1,link_4,47.0,1.0,1.0,video,0.0
2024-01-01 00:24:00,CELL_019,80.7,4.042,1040.64,7,-81.3,-19.12,0.3538,1,link_5,15.0,2.0,1.0,voip,0.0
2024-01-01 00:25:00,CELL_012,65.8,8.336,1097.77,51,-118.0,-9.58,0.0326,1,link_6,14.0,3.0,1.0,file_transfer,0.0
2024-01-01 00:26:00,CELL_020,59.4,2.338,233.61,15,-86.4,-18.31,0.0404,1,link_7,46.0,4.0,1.0,http,0.0
2024-01-01 00:27:00,CELL_003,29.1,35.636,25.01,221,-103.9,-12.78,1.4727,1,link_8,81.0,5.0,1.0,video,0.0
2024-01-01 00:28:00,CELL_005,100.0,7.965,848.55,43,-101.4,-16.68,0.2144,1,link_9,87.0,1.0,1.0,voip,0.0
2024-01-01 00:29:00,CELL_019,29.8,27.616,41.45,189,-75.5,-3.11,1.7638,1,link_10,58.0,2.0,1.0,file_transfer,0.0
2024-01-01 00:30:00,CELL_007,68.7,3.484,883.02,39,-99.7,-19.32,1.2315,1,link_1,61.0,4.0,1.0,file_transfer,0.0
2024-01-01 00:31:00,CELL_009,78.3,7.547,824.23,54,-84.2,-13.36,0.199,1,link_2,88.0,5.0,1.0,http,0.0
2024-01-01 00:32:00,CELL_007,65.8,11.713,782.25,44,-108.4,-13.3,0.2123,1,link_3,79.0,1.0,1.0,video,0.0
2024-01-01 00:33:00,CELL_018,22.1,24.841,45.4,234,-100.0,-13.87,0.765,1,link_4,43.0,2.0,1.0,voip,0.0
2024-01-01 00:34:00,CELL_004,76.1,11.18,797.54,45,-90.1,-16.88,0.3708,1,link_5,13.0,3.0,1.0,file_transfer,0.0
2024-01-01 00:35:00,CELL_014,18.6,19.915,29.06,201,-82.0,-5.54,0.5237,1,link_6,16.0,4.0,1.0,http,0.0
2024-01-01 00:36:00,CELL_018,78.1,2.99,1084.53,5,-110.8,-4.0,0.1381,1,link_7,50.0,5.0,1.0,video,0.0
2024-01-01 00:37:00,CELL_009,55.9,2.268,326.15,12,-96.9,-12.88,0.0209,1,link_8,84.0,1.0,1.0,voip,0.0
2024-01-01 00:38:00,CELL_002,56.9,2.283,212.38,8,-107.3,-18.49,0.2024,0,link_9,86.0,2.0,1.0,file_transfer,0.0
2024-01-01 00:39:00,CELL_020,48.9,2.161,225.1,15,-75.7,-15.72,0.0958,1,link_10,54.0,3.0,1.0,http,0.0
2024-01-01 00:40:00,CELL_015,82.1,7.326,976.66,55,-87.2,-17.96,0.3394,1,link_1,65.0,5.0,1.0,http,0.0
2024-01-01 00:41:00,CELL_007,58.2,1.916,232.98,14,-85.0,-9.14,0.0106,1,link_2,89.0,1.0,1.0,video,0.0
2024-01-01 00:42:00,CELL_012,61.3,1.875,343.43,13,-101.4,-8.14,0.0709,1,link_3,77.0,2.0,1.0,voip,0.0
2024-01-01 00:43:00,CELL_008,79.1,5.753,1131.48,9,-80.4,-17.1,0.2267,1,link_4,39.0,3.0,1.0,file_transfer,0.0
2024-01-01 00:44:00,CELL_015,92.2,5.927,1097.83,5,-87.1,-16.72,0.412,1,link_5,11.0,4.0,1.0,http,0.0
2024-01-01 00:45:00,CELL_003,31.0,19.026,34.21,187,-93.0,-10.25,0.5794,1,link_6,19.0,5.0,1.0,video,0.0
2024-01-01 00:46:00,CELL_014,33.7,31.939,45.19,199,-104.6,-10.93,0.9415,1,link_7,54.0,1.0,1.0,voip,0.0
2024-01-01 00:47:00,CELL_017,42.4,2.258,213.18,10,-112.0,-8.5,0.005,1,link_8,85.0,2.0,1.0,file_transfer,0.0
2024-01-01 00:48:00,CELL_004,65.2,1.813,227.97,10,-98.3,-12.23,0.0032,1,link_9,84.0,3.0,1.0,http,0.0
2024-01-01 00:49:00,CELL_018,36.2,17.408,50.87,189,-89.5,-7.7,5.7075,0,link_10,50.0,4.0,1.0,video,0.0
2024-01-01 00:50:00,CELL_008,76.4,7.665,827.1,57,-77.0,-5.24,1.0779,1,link_1,69.0,1.0,1.0,video,0.0
2024-01-01 00:51:00,CELL_004,50.3,6.01,1193.71,9,-73.7,-12.25,0.3613,1,link_2,89.0,2.0,1.0,voip,0.0
2024-01-01 00:52:00,CELL_002,47.9,1.226,331.58,9,-116.4,-10.52,0.056,1,link_3,73.0,3.0,1.0,file_transfer,0.0
2024-01-01 00:53:00,CELL_006,50.7,2.137,214.53,22,-97.8,-12.41,0.0557,1,link_4,35.0,4.0,1.0,http,0.0
2024-01-01 00:54:00,CELL_010,25.1,27.232,13.8,192,-79.5,-12.73,0.0016,1,link_5,10.0,5.0,1.0,video,0.0
2024-01-01 00:55:00,CELL_004,97.6,3.928,1142.66,8,-110.2,-12.04,0.1082,1,link_6,21.0,1.0,1.0,voip,0.0
2024-01-01 00:56:00,CELL_018,79.0,10.888,821.52,47,-86.2,-12.95,0.5751,1,link_7,58.0,2.0,1.0,file_transfer,0.0
2024-01-01 00:57:00,CELL_012,25.0,23.29,19.93,196,-73.4,-8.33,0.2592,1,link_8,87.0,3.0,1.0,http,0.0
2024-01-01 00:58:00,CELL_002,48.8,1.265,271.2,11,-80.5,-18.72,0.0314,1,link_9,81.0,4.0,1.0,video,0.0
2024-01-01 00:59:00,CELL_010,62.9,8.638,806.32,36,-84.2,-6.25,0.0873,1,link_10,46.0,5.0,1.0,voip,0.0
2024-01-01 01:00:00,CELL_004,51.7,0.728,51.28,174,-81.0,-13.82,0.0398,1,link_1,72.0,2.0,1.0,voip,0.0
2024-01-01 01:01:00,CELL_014,68.8,1.838,268.35,12,-98.4,-17.84,0.0671,1,link_2,89.0,3.0,1.0,file_transfer,0.0
2024-01-01 01:02:00,CELL_016,43.6,1.848,423.68,11,-113.1,-3.03,0.0206,1,link_3,70.0,4.0,1.0,http,0.0
2024-01-01 01:03:00,CELL_015,64.7,8.332,811.6,41,-90.4,-7.83,0.3008,1,link_4,32.0,5.0,1.0,video,0.0
2024-01-01 01:04:00,CELL_008,52.1,2.402,156.94,7,-109.6,-17.23,0.035,1,link_5,10.0,1.0,1.0,voip,0.0
2024-01-01 01:05:00,CELL_014,50.5,1.829,337.48,9,-82.0,-12.3,0.0393,1,link_6,24.0,2.0,1.0,file_transfer,0.0
2024-01-01 01:06:00,CELL_008,66.4,2.082,288.74,13,-85.9,-15.73,0.0551,1,link_7,62.0,3.0,1.0,http,0.0
2024-01-01 01:07:00,CELL_016,72.0,12.03,752.72,34,-94.8,-16.55,0.4135,1,link_8,88.0,4.0,1.0,video,0.0
2024-01-01 01:08:00,CELL_013,76.4,4.844,1195.54,9,-74.1,-9.65,0.404,1,link_9,79.0,5.0,1.0,voip,0.0
2024-01-01 01:09:00,CELL_018,64.7,1.617,291.92,17,-112.1,-9.09,0.0319,1,link_10,43.0,1.0,1.0,file_transfer,0.0
2024-01-01 01:10:00,CELL_015,46.0,38.097,54.35,198,-82.8,-17.62,0.1856,1,link_1,75.0,3.0,1.0,file_transfer,0.0
2024-01-01 01:11:00,CELL_013,60.9,1.342,249.23,6,-89.1,-17.61,0.0288,1,link_2,89.0,4.0,1.0,http,0.0
2024-01-01 01:12:00,CELL_009,70.6,5.706,886.56,58,-86.5,-12.01,0.0142,1,link_3,67.0,5.0,1.0,video,0.0
2024-01-01 01:13:00,CELL_015,52.8,1.435,229.01,7,-108.7,-9.13,0.014,1,link_4,28.0,1.0,1.0,voip,0.0
2024-01-01 01:14:00,CELL_013,70.3,1.409,113.86,12,-96.7,-19.02,0.0449,1,link_5,10.0,2.0,1.0,file_transfer,0.0
2024-01-01 01:15:00,CELL_001,44.5,1.901,289.97,17,-81.7,-7.35,0.1006,0,link_6,27.0,3.0,1.0,http,0.0
2024-01-01 01:16:00,CELL_007,66.1,1.601,284.46,17,-94.3,-9.64,0.0555,1,link_7,66.0,4.0,1.0,video,0.0
2024-01-01 01:17:00,CELL_009,48.3,1.556,367.1,12,-81.5,-18.12,0.0511,1,link_8,89.0,5.0,1.0,voip,0.0
2024-01-01 01:18:00,CELL_001,76.1,7.299,915.01,43,-90.0,-15.62,0.6201,1,link_9,76.0,1.0,1.0,file_transfer,0.0
2024-01-01 01:19:00,CELL_012,39.6,1.53,211.18,11,-117.6,-16.67,0.0377,1,link_10,39.0,2.0,1.0,http,0.0
2024-01-01 01:20:00,CELL_008,74.8,9.333,986.18,35,-116.0,-18.0,0.0927,1,link_1,78.0,4.0,1.0,http,0.0
2024-01-01 01:21:00,CELL_011,64.6,9.596,807.73,43,-105.8,-15.87,0.3606,1,link_2,88.0,5.0,1.0,video,0.0
2024-01-01 01:22:00,CELL_019,80.8,3.125,1067.33,10,-93.0,-5.37,0.3409,1,link_3,63.0,1.0,1.0,voip,0.0
2024-01-01 01:23:00,CELL_017,52.2,1.71,303.36,8,-114.8,-12.22,0.0261,1,link_4,25.0,2.0,1.0,file_transfer,0.0
2024-01-01 01:24:00,CELL_008,59.1,1.048,320.49,12,-94.1,-16.66,0.0289,1,link_5,10.0,3.0,1.0,http,0.0
2024-01-01 01:25:00,CELL_003,65.2,2.08,218.87,15,-105.1,-16.9,0.1286,0,link_6,31.0,4.0,1.0,video,0.0
2024-01-01 01:26:00,CELL_003,73.3,5.091,930.07,2,-71.8,-4.09,0.0167,1,link_7,69.0,5.0,1.0,voip,0.0
2024-01-01 01:27:00,CELL_001,36.2,2.472,331.52,10,-88.7,-13.33,0.0678,1,link_8,89.0,1.0,1.0,file_transfer,0.0
2024-01-01 01:28:00,CELL_005,36.8,27.271,44.82,195,-111.9,-19.79,0.311,1,link_9,73.0,2.0,1.0,http,0.0
2024-01-01 01:29:00,CELL_010,68.0,9.228,734.0,39,-75.4,-16.14,0.0109,1,link_10,35.0,3.0,1.0,video,0.0
2024-01-01 01:30:00,CELL_007,77.7,5.254,1607.27,8,-106.4,-19.94,0.0369,1,link_1,81.0,5.0,1.0,video,0.0
2024-01-01 01:31:00,CELL_009,40.2,31.323,19.05,203,-95.6,-9.05,0.6031,1,link_2,87.0,1.0,1.0,voip,0.0
2024-01-01 01:32:00,CELL_007,18.6,30.758,41.94,204,-113.2,-18.6,1.7388,1,link_3,59.0,2.0,1.0,file_transfer,0.0
2024-01-01 01:33:00,CELL_009,85.3,8.185,709.77,43,-87.2,-5.69,0.002,1,link_4,22.0,3.0,1.0,http,0.0
2024-01-01 01:34:00,CELL_008,74.0,9.622,915.99,55,-75.1,-17.46,0.1119,1,link_5,10.0,4.0,1.0,video,0.0
2024-01-01 01:35:00,CELL_012,82.2,7.354,877.84,57,-77.8,-16.67,0.8267,1,link_6,35.0,5.0,1.0,voip,0.0
2024-01-01 01:36:00,CELL_002,85.1,8.656,814.86,40,-100.0,-11.79,0.6619,1,link_7,73.0,1.0,1.0,file_transfer,0.0
2024-01-01 01:37:00,CELL_001,23.9,14.022,32.48,187,-76.8,-15.15,1.3916,1,link_8,89.0,2.0,1.0,http,0.0
2024-01-01 01:38:00,CELL_016,72.6,8.619,848.24,50,-104.4,-12.55,0.4526,1,link_9,70.0,3.0,1.0,video,0.0
2024-01-01 01:39:00,CELL_005,48.5,10.426,672.6,38,-86.0,-10.68,0.1359,1,link_10,31.0,4.0,1.0,voip,0.0
2024-01-01 01:40:00,CELL_003,81.4,7.606,869.11,41,-81.2,-9.57,0.2301,1,link_1,83.0,1.0,1.0,voip,0.0
2024-01-01 01:41:00,CELL_012,62.7,8.532,852.55,50,-89.3,-7.71,0.043,1,link_2,86.0,2.0,1.0,file_transfer,0.0
2024-01-01 01:42:00,CELL_008,71.8,9.734,919.95,33,-100.5,-6.23,0.9605,1,link_3,55.0,3.0,1.0,http,0.0
2024-01-01 01:43:00,CELL_003,34.3,22.034,74.74,208,-105.4,-6.77,0.0718,1,link_4,19.0,4.0,1.0,video,0.0
2024-01-01 01:44:00,CELL_001,49.9,2.017,268.57,6,-70.5,-13.81,0.0313,1,link_5,11.0,5.0,1.0,voip,0.0
2024-01-01 01:45:00,CELL_003,86.3,8.751,552.91,51,-87.2,-4.51,0.0699,1,link_6,38.0,1.0,1.0,file_transfer,0.0
2024-01-01 01:46:00,CELL_005,73.9,1.629,235.13,10,-82.8,-7.32,0.1163,0,link_7,76.0,2.0,1.0,http,0.0
2024-01-01 01:47:00,CELL_015,66.0,2.263,301.36,12,-102.6,-6.32,0.014,1,link_8,89.0,3.0,1.0,video,0.0
2024-01-01 01:48:00,CELL_014,73.1,8.807,639.17,39,-97.3,-5.14,0.7999,1,link_9,66.0,4.0,1.0,voip,0.0
2024-01-01 01:49:00,CELL_003,56.5,2.202,155.15,8,-92.5,-18.12,0.0109,1,link_10,28.0,5.0,1.0,file_transfer,0.0
2024-01-01 01:50:00,CELL_001,46.3,19.638,31.09,180,-113.5,-5.67,0.6061,1,link_1,85.0,2.0,1.0,file_transfer,0.0
2024-01-01 01:51:00,CELL_005,41.4,18.771,69.03,214,-91.8,-7.49,0.501,1,link_2,84.0,3.0,1.0,http,0.0
2024-01-01 01:52:00,CELL_014,15.9,14.52,32.42,192,-76.2,-4.98,2.4635,1,link_3,51.0,4.0,1.0,video,0.0
2024-01-01 01:53:00,CELL_007,60.7,8.139,614.24,43,-82.4,-12.17,0.3125,1,link_4,17.0,5.0,1.0,voip,0.0
2024-01-01 01:54:00,CELL_009,87.6,4.338,1382.25,6,-100.2,-3.29,0.0681,1,link_5,12.0,1.0,1.0,file_transfer,0.0
2024-01-01 01:55:00,CELL_015,21.4,19.746,34.12,180,-89.1,-19.06,0.4299,1,link_6,42.0,2.0,1.0,http,0.0
2024-01-01 01:56:00,CELL_015,87.4,5.468,1508.02,8,-74.8,-16.99,0.0441,1,link_7,79.0,3.0,1.0,video,0.0
2024-01-01 01:57:00,CELL_010,95.6,9.191,900.39,41,-99.5,-19.52,0.0434,1,link_8,88.0,4.0,1.0,voip,0.0
2024-01-01 01:58:00,CELL_013,73.1,3.093,1134.26,5,-81.6,-18.79,0.1085,1,link_9,62.0,5.0,1.0,file_transfer,0.0
2024-01-01 01:59:00,CELL_019,33.3,39.276,64.35,187,-82.4,-14.23,0.5996,1,link_10,24.0,1.0,1.0,http,0.0
2024-01-01 02:00:00,CELL_007,50.1,13.578,16.29,224,-115.2,-19.36,1.4965,1,link_1,87.0,3.0,1.0,http,0.0
2024-01-01 02:01:00,CELL_017,70.0,11.197,801.53,43,-119.2,-18.18,0.1878,1,link_2,82.0,4.0,1.0,video,0.0
2024-01-01 02:02:00,CELL_020,48.5,10.691,51.7,182,-108.7,-4.74,0.0794,1,link_3,47.0,5.0,1.0,voip,0.0
2024-01-01 02:03:00,CELL_004,86.7,4.73,1507.6,8,-79.4,-17.33,0.0068,1,link_4,15.0,1.0,1.0,file_transfer,0.0
2024-01-01 02:04:00,CELL_005,40.7,1.313,216.22,7,-112.9,-6.04,0.1062,0,link_5,14.0,2.0,1.0,http,0.0
2024-01-01 02:05:00,CELL_007,58.4,1.684,247.1,5,-110.4,-18.84,0.006,1,link_6,46.0,3.0,1.0,video,0.0
2024-01-01 02:06:00,CELL_013,70.8,4.889,1261.78,5,-91.7,-4.67,0.171,1,link_7,81.0,4.0,1.0,voip,0.0
2024-01-01 02:07:00,CELL_015,54.9,2.082,313.42,10,-90.5,-7.73,0.1112,0,link_8,87.0,5.0,1.0,file_transfer,0.0
2024-01-01 02:08:00,CELL_011,48.9,1.969,217.51,8,-95.3,-18.56,0.0294,1,link_9,58.0,1.0,1.0,http,0.0
2024-01-01 02:09:00,CELL_004,56.8,1.817,191.24,13,-87.4,-10.91,0.0148,1,link_10,22.0,2.0,1.0,video,0.0
2024-01-01 02:10:00,CELL_013,80.0,4.411,1377.69,2,-109.8,-8.31,0.0368,1,link_1,88.0,4.0,1.0,video,0.0
2024-01-01 02:11:00,CELL_007,45.8,8.859,757.02,53,-116.4,-14.47,1.358,1,link_2,79.0,5.0,1.0,voip,0.0
2024-01-01 02:12:00,CELL_019,49.8,1.45,203.79,8,-99.6,-15.53,0.0125,1,link_3,43.0,1.0,1.0,file_transfer,0.0
2024-01-01 02:13:00,CELL_002,57.4,2.3,204.51,9,-76.0,-17.37,0.0754,1,link_4,13.0,2.0,1.0,http,0.0
2024-01-01 02:14:00,CELL_010,30.8,31.846,38.94,163,-76.1,-12.59,0.5509,1,link_5,16.0,3.0,1.0,video,0.0
2024-01-01 02:15:00,CELL_013,42.4,2.049,245.0,9,-103.3,-14.57,0.0077,1,link_6,50.0,4.0,1.0,voip,0.0
2024-01-01 02:16:00,CELL_006,71.8,4.109,1269.62,8,-73.3,-11.3,0.2853,1,link_7,84.0,5.0,1.0,file_transfer,0.0
2024-01-01 02:17:00,CELL_012,84.4,5.284,1793.9,11,-91.4,-7.81,0.1259,1,link_8,86.0,1.0,1.0,http,0.0
2024-01-01 02:18:00,CELL_012,72.4,9.009,868.04,39,-103.2,-13.35,0.0022,1,link_9,54.0,2.0,1.0,video,0.0
2024-01-01 02:19:00,CELL_020,55.2,1.917,206.93,12,-79.5,-11.41,0.0785,1,link_10,19.0,3.0,1.0,voip,0.0
2024-01-01 02:20:00,CELL_011,77.0,10.294,944.31,54,-100.5,-18.14,0.1462,1,link_1,89.0,5.0,1.0,voip,0.0
2024-01-01 02:21:00,CELL_007,83.2,7.744,780.66,57,-70.2,-12.61,0.5099,1,link_2,77.0,1.0,1.0,file_transfer,0.0
2024-01-01 02:22:00,CELL_001,56.1,1.723,246.66,7,-115.4,-18.93,0.0068,1,link_3,39.0,2.0,1.0,http,0.0
2024-01-01 02:23:00,CELL_001,63.8,5.002,1135.2,6,-70.5,-7.13,0.6687,0,link_4,11.0,3.0,1.0,video,0.0
2024-01-01 02:24:00,CELL_020,41.9,34.548,48.82,206,-96.4,-5.5,2.4577,1,link_5,19.0,4.0,1.0,voip,0.0
2024-01-01 02:25:00,CELL_013,73.6,7.649,630.73,41,-112.1,-13.23,0.3906,1,link_6,54.0,5.0,1.0,file_transfer,0.0
2024-01-01 02:26:00,CELL_009,59.9,6.052,736.04,58,-93.6,-4.89,3.153,0,link_7,85.0,1.0,1.0,http,0.0
2024-01-01 02:27:00,CELL_003,53.2,2.108,203.85,17,-88.0,-3.94,0.0291,1,link_8,84.0,2.0,1.0,video,0.0
2024-01-01 02:28:00,CELL_007,60.5,1.405,242.65,12,-90.8,-12.53,0.0107,1,link_9,50.0,3.0,1.0,voip,0.0
2024-01-01 02:29:00,CELL_006,69.8,7.651,939.44,38,-70.6,-12.53,0.1456,1,link_10,16.0,4.0,1.0,file_transfer,0.0
2024-01-01 02:30:00,CELL_008,23.2,26.17,38.4,203,-85.8,-14.69,1.2713,1,link_1,89.0,1.0,1.0,file_transfer,0.0
2024-01-01 02:31:00,CELL_009,86.4,4.766,1244.03,7,-73.2,-15.08,0.2075,1,link_2,73.0,2.0,1.0,http,0.0
2024-01-01 02:32:00,CELL_005,40.4,2.308,184.89,7,-77.0,-13.89,0.1717,0,link_3,35.0,3.0,1.0,video,0.0
2024-01-01 02:33:00,CELL_001,14.7,26.584,33.67,230,-118.1,-7.77,0.0562,1,link_4,10.0,4.0,1.0,voip,0.0
2024-01-01 02:34:00,CELL_019,100.0,6.401,937.06,44,-98.0,-13.37,0.4049,1,link_5,21.0,5.0,1.0,file_transfer,0.0
2024-01-01 02:35:00,CELL_010,46.0,34.673,45.37,193,-117.4,-3.06,0.0564,1,link_6,58.0,1.0,1.0,http,0.0
2024-01-01 02:36:00,CELL_012,45.1,1.889,226.7,14,-83.3,-4.23,0.001,1,link_7,87.0,2.0,1.0,video,0.0
2024-01-01 02:37:00,CELL_015,78.6,11.088,867.09,39,-80.4,-6.26,0.0942,1,link_8,81.0,3.0,1.0,voip,0.0
2024-01-01 02:38:00,CELL_009,85.3,4.35,935.63,4,-74.6,-11.45,0.2081,1,link_9,46.0,4.0,1.0,file_transfer,0.0
2024-01-01 02:39:00,CELL_020,69.3,1.412,219.18,11,-101.6,-12.94,0.0498,1,link_10,14.0,5.0,1.0,http,0.0
2024-01-01 02:40:00,CELL_017,7.0,26.784,55.78,189,-110.1,-19.89,0.0442,1,link_1,89.0,2.0,1.0,http,0.0
2024-01-01 02:41:00,CELL_017,73.9,9.187,830.96,48,-100.8,-19.98,0.1035,1,link_2,70.0,3.0,1.0,video,0.0
2024-01-01 02:42:00,CELL_020,59.7,10.252,928.74,42,-72.0,-11.24,0.6871,1,link_3,32.0,4.0,1.0,voip,0.0
2024-01-01 02:43:00,CELL_012,84.0,4.708,840.45,42,-100.5,-8.87,0.9273,1,link_4,10.0,5.0,1.0,file_transfer,0.0
2024-01-01 02:44:00,CELL_007,42.0,1.167,223.72,13,-112.3,-11.81,0.0029,1,link_5,24.0,1.0,1.0,http,0.0
2024-01-01 02:45:00,CELL_002,55.3,2.059,143.83,13,-86.4,-14.13,0.0038,1,link_6,62.0,2.0,1.0,video,0.0
2024-01-01 02:46:00,CELL_003,77.3,5.288,932.48,43,-72.5,-10.11,0.0947,1,link_7,88.0,3.0,1.0,voip,0.0
2024-01-01 02:47:00,CELL_017,66.0,1.671,247.7,9,-99.9,-3.56,0.0302,1,link_8,79.0,4.0,1.0,file_transfer,0.0
2024-01-01 02:48:00,CELL_005,61.6,2.088,338.72,14,-90.2,-15.06,0.0212,1,link_9,43.0,5.0,1.0,http,0.0
2024-01-01 02:49:00,CELL_017,41.2,32.043,30.39,191,-112.2,-8.23,0.3612,1,link_10,13.0,1.0,0.0,video,0.0
2024-01-01 02:50:00,CELL_017,48.5,1.896,265.83,11,-78.1,-17.12,0.1186,0,link_1,89.0,3.0,1.0,video,0.0
2024-01-01 02:51:00,CELL_017,87.3,3.486,1362.58,7,-103.6,-12.79,0.0142,1,link_2,67.0,4.0,1.0,voip,0.0
2024-01-01 02:52:00,CELL_002,55.1,2.091,119.6,11,-111.7,-13.28,0.078,1,link_3,28.0,5.0,1.0,file_transfer,0.0
2024-01-01 02:53:00,CELL_002,52.7,1.546,281.65,10,-98.6,-15.94,0.0283,1,link_4,10.0,1.0,1.0,http,0.0
2024-01-01 02:54:00,CELL_005,70.1,4.834,967.31,39,-114.4,-16.98,0.216,1,link_5,27.0,2.0,1.0,video,0.0
2024-01-01 02:55:00,CELL_001,77.5,9.622,941.55,46,-71.9,-7.25,0.3939,1,link_6,66.0,3.0,1.0,voip,0.0
2024-01-01 02:56:00,CELL_001,55.9,10.677,645.82,43,-97.5,-7.1,0.0877,1,link_7,89.0,4.0,1.0,file_transfer,0.0
2024-01-01 02:57:00,CELL_019,60.0,2.621,341.68,12,-71.8,-3.9,0.0364,1,link_8,76.0,5.0,1.0,http,0.0
2024-01-01 02:58:00,CELL_002,72.8,5.567,962.91,52,-110.9,-4.77,0.3815,1,link_9,39.0,1.0,0.0,video,0.0
2024-01-01 02:59:00,CELL_012,75.5,7.524,1021.37,30,-106.5,-19.26,2.0023,0,link_10,11.0,2.0,1.0,voip,0.0
2024-01-01 03:00:00,CELL_006,30.5,12.931,24.95,206,-83.9,-8.37,1.9634,1,link_1,88.0,4.0,1.0,voip,0.0
2024-01-01 03:01:00,CELL_004,85.2,13.051,838.42,38,-117.6,-10.27,3.303,0,link_2,63.0,5.0,1.0,file_transfer,0.0
2024-01-01 03:02:00,CELL_011,82.5,7.386,696.69,47,-112.7,-9.7,0.1957,1,link_3,25.0,1.0,1.0,http,0.0
2024-01-01 03:03:00,CELL_017,71.7,6.563,800.05,45,-78.9,-8.98,0.2518,1,link_4,10.0,2.0,1.0,video,0.0
2024-01-01 03:04:00,CELL_006,33.5,21.165,56.82,200,-118.5,-19.65,0.8158,1,link_5,31.0,3.0,1.0,voip,0.0
2024-01-01 03:05:00,CELL_005,70.3,9.781,877.93,45,-109.2,-19.58,1.0254,1,link_6,69.0,4.0,1.0,file_transfer,0.0
2024-01-01 03:06:00,CELL_020,58.1,1.972,214.02,13,-70.0,-7.27,0.1016,0,link_7,89.0,5.0,1.0,http,0.0
2024-01-01 03:07:00,CELL_002,70.1,1.294,187.01,10,-75.8,-15.43,0.0481,1,link_8,73.0,1.0,0.0,video,0.0
2024-01-01 03:08:00,CELL_006,47.3,1.391,201.43,12,-95.9,-8.66,0.043,1,link_9,35.0,2.0,1.0,voip,0.0
2024-01-01 03:09:00,CELL_011,59.1,2.432,318.87,13,-108.4,-14.94,0.004,1,link_10,10.0,3.0,1.0,file_transfer,0.0
2024-01-01 03:10:00,CELL_016,42.9,20.323,17.23,205,-117.6,-6.58,0.5625,1,link_1,87.0,5.0,1.0,file_transfer,0.0
2024-01-01 03:11:00,CELL_016,84.5,13.651,890.66,40,-74.7,-6.57,0.027,1,link_2,59.0,1.0,1.0,http,0.0
2024-01-01 03:12:00,CELL_001,65.3,8.781,808.95,53,-85.9,-9.22,0.3716,1,link_3,22.0,2.0,1.0,video,0.0
2024-01-01 03:13:00,CELL_009,70.0,10.386,882.07,45,-93.6,-15.91,0.3662,1,link_4,10.0,3.0,1.0,voip,0.0
2024-01-01 03:14:00,CELL_006,76.5,11.724,865.64,55,-100.6,-12.6,0.9689,1,link_5,35.0,4.0,1.0,file_transfer,0.0
2024-01-01 03:15:00,CELL_016,62.4,8.494,1026.21,47,-71.5,-8.0,0.3409,1,link_6,73.0,5.0,1.0,http,0.0
2024-01-01 03:16:00,CELL_003,73.1,7.613,711.02,37,-85.9,-8.33,0.0774,1,link_7,89.0,1.0,0.0,video,0.0
2024-01-01 03:17:00,CELL_020,61.1,1.704,305.06,5,-114.0,-11.31,0.044,1,link_8,70.0,2.0,1.0,voip,0.0
2024-01-01 03:18:00,CELL_004,51.8,1.495,259.48,7,-90.4,-8.57,0.0016,1,link_9,31.0,3.0,1.0,file_transfer,0.0
2024-01-01 03:19:00,CELL_019,80.7,9.65,829.28,49,-85.1,-3.77,0.5018,1,link_10,10.0,4.0,1.0,http,0.0
2024-01-01 03:20:00,CELL_003,15.3,31.607,36.84,192,-86.7,-8.6,0.7088,1,link_1,86.0,1.0,1.0,http,0.0
2024-01-01 03:21:00,CELL_019,86.1,8.647,686.41,34,-79.4,-7.36,0.4855,1,link_2,55.0,2.0,1.0,video,0.0
2024-01-01 03:22:00,CELL_020,77.9,13.402,941.33,40,-78.5,-8.03,0.2787,1,link_3,19.0,3.0,1.0,voip,0.0
2024-01-01 03:23:00,CELL_007,56.6,1.585,393.08,10,-116.9,-4.74,0.0225,1,link_4,11.0,4.0,1.0,file_transfer,0.0
2024-01-01 03:24:00,CELL_020,60.3,8.856,874.62,44,-106.6,-18.93,0.1114,1,link_5,38.0,5.0,1.0,http,0.0
2024-01-01 03:25:00,CELL_009,86.8,9.571,875.93,37,-107.1,-5.12,0.1891,1,link_6,76.0,1.0,0.0,video,0.0
2024-01-01 03:26:00,CELL_001,53.5,1.846,355.59,10,-72.1,-18.59,0.0018,1,link_7,89.0,2.0,1.0,voip,0.0
2024-01-01 03:27:00,CELL_008,80.7,4.717,1168.76,12,-87.5,-15.85,0.7654,0,link_8,66.0,3.0,1.0,file_transfer,0.0
2024-01-01 03:28:00,CELL_007,24.5,29.87,62.02,191,-92.6,-18.42,0.5261,1,link_9,28.0,4.0,1.0,http,0.0
2024-01-01 03:29:00,CELL_018,59.9,5.339,702.67,48,-75.3,-5.28,0.384,1,link_10,10.0,5.0,1.0,video,0.0
2024-01-01 03:30:00,CELL_008,31.5,16.55,14.42,213,-84.6,-7.52,3.2403,1,link_1,84.0,2.0,1.0,video,0.0
2024-01-01 03:31:00,CELL_001,24.4,17.024,35.33,192,-103.1,-5.58,0.7594,1,link_2,51.0,3.0,1.0,voip,0.0
2024-01-01 03:32:00,CELL_011,43.1,1.775,326.37,13,-91.5,-4.46,0.0056,1,link_3,17.0,4.0,1.0,file_transfer,0.0
2024-01-01 03:33:00,CELL_018,35.8,16.004,46.82,177,-94.3,-18.56,1.0205,1,link_4,12.0,5.0,1.0,http,0.0
2024-01-01 03:34:00,CELL_010,60.6,1.779,295.03,6,-79.4,-10.45,0.0636,1,link_5,42.0,1.0,0.0,video,0.0
2024-01-01 03:35:00,CELL_003,72.7,9.705,857.18,53,-112.8,-13.64,0.6885,1,link_6,79.0,2.0,1.0,voip,0.0
2024-01-01 03:36:00,CELL_007,56.2,1.88,270.98,13,-85.8,-3.64,0.0306,1,link_7,88.0,3.0,1.0,file_transfer,0.0
2024-01-01 03:37:00,CELL_016,51.6,2.107,302.63,15,-78.4,-5.56,0.1356,0,link_8,62.0,4.0,1.0,http,0.0
2024-01-01 03:38:00,CELL_016,57.2,2.315,164.24,13,-105.5,-10.76,0.004,1,link_9,24.0,5.0,1.0,video,0.0
2024-01-01 03:39:00,CELL_020,49.2,1.44,293.79,8,-103.8,-13.03,0.0375,1,link_10,10.0,1.0,1.0,voip,0.0
2024-01-01 03:40:00,CELL_017,80.2,5.171,1317.56,16,-85.2,-14.99,0.0505,1,link_1,82.0,3.0,1.0,voip,0.0
2024-01-01 03:41:00,CELL_002,87.6,6.606,963.77,9,-84.0,-12.77,0.1779,1,link_2,47.0,4.0,1.0,file_transfer,0.0
2024-01-01 03:42:00,CELL_001,28.2,18.818,61.19,198,-110.1,-16.8,2.144,1,link_3,15.0,5.0,1.0,http,0.0
2024-01-01 03:43:00,CELL_016,48.3,17.782,35.11,183,-80.5,-10.37,0.7334,1,link_4,14.0,1.0,0.0,video,0.0
2024-01-01 03:44:00,CELL_012,70.8,6.118,1082.28,9,-118.5,-10.87,0.0961,1,link_5,46.0,2.0,1.0,voip,0.0
2024-01-01 03:45:00,CELL_005,80.8,8.851,1001.95,36,-90.9,-9.6,1.7816,1,link_6,81.0,3.0,1.0,file_transfer,0.0
2024-01-01 03:46:00,CELL_005,88.6,10.171,929.05,48,-104.4,-16.17,0.7365,1,link_7,87.0,4.0,1.0,http,0.0
2024-01-01 03:47:00,CELL_009,56.1,2.794,221.19,21,-80.9,-19.61,0.0005,1,link_8,58.0,5.0,1.0,video,0.0
2024-01-01 03:48:00,CELL_009,39.4,31.319,57.28,211,-101.9,-15.79,0.5913,1,link_9,22.0,1.0,1.0,voip,0.0
2024-01-01 03:49:00,CELL_003,34.5,1.976,142.66,7,-103.8,-11.47,0.0685,1,link_10,10.0,2.0,1.0,file_transfer,0.0
2024-01-01 03:50:00,CELL_019,29.0,29.879,25.23,202,-92.6,-18.94,1.522,1,link_1,79.0,4.0,1.0,file_transfer,0.0
2024-01-01 03:51:00,CELL_016,52.5,9.821,906.24,51,-100.7,-19.94,0.4525,1,link_2,43.0,5.0,1.0,http,0.0
2024-01-01 03:52:00,CELL_016,82.4,8.679,777.55,52,-74.7,-16.59,0.3507,1,link_3,13.0,1.0,0.0,video,0.0
2024-01-01 03:53:00,CELL_003,28.6,18.484,34.56,210,-85.1,-9.22,0.0169,1,link_4,16.0,2.0,1.0,voip,0.0
2024-01-01 03:54:00,CELL_020,63.8,7.763,850.72,48,-91.7,-16.16,0.6377,1,link_5,50.0,3.0,1.0,file_transfer,0.0
2024-01-01 03:55:00,CELL_001,79.5,6.029,641.33,41,-71.7,-15.88,0.114,1,link_6,84.0,4.0,1.0,http,0.0
2024-01-01 03:56:00,CELL_020,79.1,10.224,933.59,45,-99.6,-3.31,0.1249,1,link_7,86.0,5.0,1.0,video,0.0
2024-01-01 03:57:00,CELL_011,56.2,11.674,977.31,50,-96.4,-15.85,0.0878,1,link_8,54.0,1.0,1.0,voip,0.0
2024-01-01 03:58:00,CELL_017,11.2,21.409,29.95,175,-71.2,-13.69,0.3137,1,link_9,19.0,2.0,1.0,file_transfer,0.0
2024-01-01 03:59:00,CELL_008,69.6,9.294,904.03,47,-99.7,-9.69,2.7467,0,link_10,11.0,3.0,1.0,http,0.0
2024-01-01 04:00:00,CELL_004,38.8,1.76,293.1,8,-115.1,-14.59,0.0383,1,link_1,77.0,5.0,1.0,http,0.0
2024-01-01 04:01:00,CELL_006,72.5,9.897,837.06,32,-89.1,-18.85,0.2482,1,link_2,39.0,1.0,0.0,video,0.0
2024-01-01 04:02:00,CELL_008,32.1,19.05,79.62,194,-102.0,-4.88,0.6575,1,link_3,11.0,2.0,1.0,voip,0.0
2024-01-01 04:03:00,CELL_020,77.3,6.776,577.33,55,-97.3,-11.06,0.4472,1,link_4,19.0,3.0,1.0,file_transfer,0.0
2024-01-01 04:04:00,CELL_003,58.0,1.106,256.66,13,-85.9,-11.41,0.0327,1,link_5,54.0,4.0,1.0,http,0.0
2024-01-01 04:05:00,CELL_016,40.3,17.811,41.96,182,-86.5,-4.0,2.2978,1,link_6,85.0,5.0,1.0,video,0.0
2024-01-01 04:06:00,CELL_003,53.0,12.018,854.52,45,-94.6,-9.07,1.3487,1,link_7,84.0,1.0,1.0,voip,0.0
2024-01-01 04:07:00,CELL_018,11.5,19.335,70.29,226,-94.1,-6.76,2.8408,1,link_8,50.0,2.0,1.0,file_transfer,0.0
2024-01-01 04:08:00,CELL_014,64.3,1.807,258.64,14,-100.3,-7.52,0.0304,1,link_9,16.0,3.0,1.0,http,0.0
2024-01-01 04:09:00,CELL_018,57.1,1.739,248.85,8,-83.5,-9.77,0.0219,1,link_10,13.0,4.0,1.0,video,0.0
2024-01-01 04:10:00,CELL_002,72.1,9.111,906.22,35,-83.4,-14.54,0.7661,1,link_1,73.0,1.0,0.0,video,0.0
2024-01-01 04:11:00,CELL_003,67.2,5.33,1551.45,8,-87.1,-17.89,0.1637,1,link_2,35.0,2.0,1.0,voip,0.0
2024-01-01 04:12:00,CELL_016,20.1,25.046,39.15,175,-101.9,-7.14,0.5963,1,link_3,10.0,3.0,1.0,file_transfer,0.0
2024-01-01 04:13:00,CELL_009,61.7,11.469,568.67,43,-89.6,-3.87,0.2306,1,link_4,21.0,4.0,1.0,http,0.0
2024-01-01 04:14:00,CELL_004,82.8,9.097,818.9,48,-119.2,-17.04,0.3156,1,link_5,58.0,5.0,1.0,video,0.0
2024-01-01 04:15:00,CELL_001,34.5,35.575,49.85,201,-84.0,-14.09,0.3921,1,link_6,87.0,1.0,1.0,voip,0.0
2024-01-01 04:16:00,CELL_004,31.4,1.192,273.7,8,-93.5,-11.25,0.0901,1,link_7,81.0,2.0,1.0,file_transfer,0.0
2024-01-01 04:17:00,CELL_001,35.5,22.357,37.15,209,-88.7,-15.23,1.4905,1,link_8,46.0,3.0,1.0,http,0.0
2024-01-01 04:18:00,CELL_014,58.6,1.816,343.2,7,-116.8,-9.79,0.0611,1,link_9,14.0,4.0,1.0,video,0.0
2024-01-01 04:19:00,CELL_016,31.7,27.092,56.81,219,-81.3,-12.91,1.2318,1,link_10,14.0,5.0,1.0,voip,0.0
2024-01-01 04:20:00,CELL_020,56.5,9.356,896.09,41,-110.7,-5.74,0.3843,1,link_1,70.0,2.0,1.0,voip,0.0
2024-01-01 04:21:00,CELL_008,73.3,8.901,679.52,37,-96.0,-8.81,0.0905,1,link_2,32.0,3.0,1.0,file_transfer,0.0
2024-01-01 04:22:00,CELL_007,52.3,1.525,360.03,10,-70.7,-15.52,0.03,1,link_3,10.0,4.0,1.0,http,0.0
2024-01-01 04:23:00,CELL_003,70.9,4.181,1187.25,7,-90.2,-17.1,0.2683,1,link_4,24.0,5.0,1.0,video,0.0
2024-01-01 04:24:00,CELL_017,61.7,11.445,757.9,49,-102.3,-7.37,0.8468,1,link_5,62.0,1.0,1.0,voip,0.0
2024-01-01 04:25:00,CELL_001,48.7,1.85,214.78,10,-75.1,-12.06,0.028,1,link_6,88.0,2.0,1.0,file_transfer,0.0
2024-01-01 04:26:00,CELL_016,43.5,1.51,340.39,13,-111.9,-18.91,0.1202,0,link_7,79.0,3.0,1.0,http,0.0
2024-01-01 04:27:00,CELL_012,43.1,2.076,237.75,12,-86.2,-12.68,0.0066,1,link_8,43.0,4.0,1.0,video,0.0
2024-01-01 04:28:00,CELL_019,22.9,20.04,50.17,185,-96.4,-12.71,0.2947,1,link_9,13.0,5.0,1.0,voip,0.0
2024-01-01 04:29:00,CELL_014,31.6,36.223,55.46,218,-102.3,-13.95,1.5075,1,link_10,17.0,1.0,1.0,file_transfer,0.0
2024-01-01 04:30:00,CELL_006,93.8,9.906,877.85,47,-105.4,-17.41,2.4237,0,link_1,67.0,3.0,1.0,file_transfer,0.0
2024-01-01 04:31:00,CELL_006,75.1,4.264,1293.51,8,-95.9,-8.87,0.1444,1,link_2,28.0,4.0,1.0,http,0.0
2024-01-01 04:32:00,CELL_013,28.3,14.095,47.2,201,-114.8,-5.17,0.4592,1,link_3,10.0,5.0,1.0,video,0.0
2024-01-01 04:33:00,CELL_019,38.5,5.864,63.49,195,-96.3,-4.17,0.0704,1,link_4,27.0,1.0,1.0,voip,0.0
2024-01-01 04:34:00,CELL_008,55.4,1.027,170.85,12,-101.5,-6.25,0.0432,1,link_5,66.0,2.0,1.0,file_transfer,0.0
2024-01-01 04:35:00,CELL_002,31.5,29.615,41.74,229,-117.6,-13.28,0.0678,1,link_6,89.0,3.0,1.0,http,0.0
2024-01-01 04:36:00,CELL_001,77.3,9.761,871.94,46,-91.2,-13.3,0.364,1,link_7,76.0,4.0,1.0,video,0.0
2024-01-01 04:37:00,CELL_015,52.1,6.825,882.4,44,-101.6,-4.96,0.4266,1,link_8,39.0,5.0,1.0,voip,0.0
2024-01-01 04:38:00,CELL_001,15.4,34.08,33.21,189,-117.6,-9.1,3.3403,1,link_9,11.0,1.0,1.0,file_transfer,0.0
2024-01-01 04:39:00,CELL_005,69.7,8.712,709.89,38,-112.6,-7.69,0.3873,1,link_10,19.0,2.0,1.0,http,0.0
2024-01-01 04:40:00,CELL_016,80.6,6.867,891.08,44,-92.7,-7.63,0.3263,1,link_1,63.0,4.0,1.0,http,0.0
2024-01-01 04:41:00,CELL_019,41.3,35.777,39.1,208,-102.9,-4.18,1.5522,1,link_2,25.0,5.0,1.0,video,0.0
2024-01-01 04:42:00,CELL_004,35.7,27.446,26.25,211,-96.2,-15.41,1.3077,1,link_3,10.0,1.0,1.0,voip,0.0
2024-01-01 04:43:00,CELL_003,76.1,9.946,947.22,49,-84.9,-7.47,0.3017,1,link_4,31.0,2.0,1.0,file_transfer,0.0
2024-01-01 04:44:00,CELL_017,39.6,41.005,53.71,198,-73.3,-17.49,2.5609,1,link_5,69.0,3.0,1.0,http,0.0
2024-01-01 04:45:00,CELL_017,58.7,1.992,304.49,7,-75.4,-5.22,0.0617,1,link_6,89.0,4.0,1.0,video,0.0
2024-01-01 04:46:00,CELL_012,56.3,2.058,204.13,13,-100.6,-15.92,0.0551,1,link_7,73.0,5.0,1.0,voip,0.0
2024-01-01 04:47:00,CELL_014,32.2,18.2,39.06,203,-72.5,-15.32,4.2529,1,link_8,35.0,1.0,1.0,file_transfer,0.0
2024-01-01 04:48:00,CELL_006,52.3,1.894,185.99,11,-115.7,-19.21,0.0021,1,link_9,10.0,2.0,1.0,http,0.0
2024-01-01 04:49:00,CELL_003,73.6,5.043,736.47,43,-85.7,-3.09,0.0501,1,link_10,22.0,3.0,1.0,video,0.0
2024-01-01 04:50:00,CELL_009,44.4,7.96,1031.6,44,-104.5,-7.65,0.3417,1,link_1,59.0,5.0,1.0,video,0.0
2024-01-01 04:51:00,CELL_005,54.0,1.685,254.79,14,-104.1,-12.65,0.0234,1,link_2,22.0,1.0,1.0,voip,0.0
2024-01-01 04:52:00,CELL_017,60.4,1.522,313.42,14,-85.3,-4.28,0.0556,1,link_3,10.0,2.0,1.0,file_transfer,0.0
2024-01-01 04:53:00,CELL_014,20.6,18.685,60.86,193,-109.6,-15.14,1.2952,1,link_4,35.0,3.0,1.0,http,0.0
2024-01-01 04:54:00,CELL_003,27.7,28.993,35.17,194,-70.5,-6.07,2.943,1,link_5,73.0,4.0,1.0,video,0.0
2024-01-01 04:55:00,CELL_001,52.9,1.758,203.87,14,-117.3,-10.25,0.0424,1,link_6,89.0,5.0,1.0,voip,0.0
2024-01-01 04:56:00,CELL_020,25.7,34.611,28.39,169,-83.3,-6.84,1.141,1,link_7,70.0,1.0,1.0,file_transfer,0.0
2024-01-01 04:57:00,CELL_001,80.5,7.081,991.57,47,-84.2,-14.91,0.1069,1,link_8,31.0,2.0,1.0,http,0.0
2024-01-01 04:58:00,CELL_003,83.6,7.999,789.79,47,-109.4,-17.07,0.1891,1,link_9,10.0,3.0,1.0,video,0.0
2024-01-01 04:59:00,CELL_018,30.0,26.576,25.9,215,-81.7,-14.8,0.747,1,link_10,25.0,4.0,1.0,voip,0.0
2024-01-01 05:00:00,CELL_010,79.5,6.898,621.75,58,-87.9,-17.36,0.0418,1,link_1,55.0,1.0,1.0,voip,0.0
2024-01-01 05:01:00,CELL_003,57.6,12.289,956.28,49,-84.0,-3.81,0.7622,1,link_2,19.0,2.0,1.0,file_transfer,0.0
2024-01-01 05:02:00,CELL_008,53.7,1.71,226.42,16,-117.0,-3.72,0.0323,1,link_3,11.0,3.0,1.0,http,0.0
2024-01-01 05:03:00,CELL_014,49.9,1.979,259.0,8,-105.6,-13.82,0.0505,1,link_4,38.0,4.0,1.0,video,0.0
2024-01-01 05:04:00,CELL_018,26.4,34.115,43.48,227,-107.2,-14.78,0.2881,1,link_5,76.0,5.0,1.0,voip,0.0
2024-01-01 05:05:00,CELL_015,76.2,6.025,879.02,49,-72.0,-6.94,0.055,1,link_6,89.0,1.0,1.0,file_transfer,0.0
2024-01-01 05:06:00,CELL_002,79.0,5.838,759.64,47,-75.6,-6.87,0.3926,1,link_7,66.0,2.0,1.0,http,0.0
2024-01-01 05:07:00,CELL_010,76.3,6.406,901.13,37,-88.5,-13.9,0.3505,1,link_8,28.0,3.0,1.0,video,0.0
2024-01-01 05:08:00,CELL_002,62.6,1.523,231.33,19,-90.6,-8.74,0.0093,1,link_9,10.0,4.0,1.0,voip,0.0
2024-01-01 05:09:00,CELL_017,74.0,7.444,764.35,62,-83.2,-7.55,0.123,1,link_10,28.0,5.0,1.0,file_transfer,0.0
2024-01-01 05:10:00,CELL_008,63.4,1.197,236.15,13,-80.1,-10.29,0.0061,1,link_1,51.0,2.0,1.0,file_transfer,0.0
2024-01-01 05:11:00,CELL_001,37.1,25.311,37.91,216,-78.4,-7.95,0.0684,1,link_2,17.0,3.0,1.0,http,0.0
2024-01-01 05:12:00,CELL_009,93.2,5.006,1215.59,9,-71.2,-15.89,0.0178,1,link_3,12.0,4.0,1.0,video,0.0
2024-01-01 05:13:00,CELL_011,77.3,6.983,626.33,44,-86.8,-18.94,0.1995,1,link_4,42.0,5.0,1.0,voip,0.0
2024-01-01 05:14:00,CELL_016,46.3,1.9,237.25,14,-79.5,-10.34,0.0128,1,link_5,79.0,1.0,1.0,file_transfer,0.0
2024-01-01 05:15:00,CELL_007,48.3,1.691,249.89,12,-89.6,-10.21,0.0139,1,link_6,88.0,2.0,1.0,http,0.0
2024-01-01 05:16:00,CELL_010,83.9,5.007,1266.24,9,-93.0,-18.5,0.1542,1,link_7,62.0,3.0,1.0,video,0.0
2024-01-01 05:17:00,CELL_003,57.4,5.657,1041.66,9,-110.5,-11.18,0.124,1,link_8,24.0,4.0,1.0,voip,0.0
2024-01-01 05:18:00,CELL_018,73.2,8.739,783.9,44,-83.4,-6.74,0.1249,1,link_9,10.0,5.0,1.0,file_transfer,0.0
2024-01-01 05:19:00,CELL_013,40.5,24.986,72.68,193,-75.9,-5.51,1.148,1,link_10,32.0,1.0,1.0,http,0.0
2024-01-01 05:20:00,CELL_007,61.9,12.935,429.96,47,-82.5,-7.12,0.2246,1,link_1,47.0,3.0,1.0,http,0.0
2024-01-01 05:21:00,CELL_004,98.1,8.712,857.74,41,-113.2,-14.65,0.0812,1,link_2,15.0,4.0,1.0,video,0.0
2024-01-01 05:22:00,CELL_013,79.1,6.293,960.48,52,-108.2,-13.78,0.0604,1,link_3,14.0,5.0,1.0,voip,0.0
2024-01-01 05:23:00,CELL_020,61.6,2.066,199.13,5,-114.9,-9.07,0.1298,0,link_4,46.0,1.0,1.0,file_transfer,0.0
2024-01-01 05:24:00,CELL_001,66.1,1.222,315.82,9,-89.6,-9.39,0.0898,1,link_5,81.0,2.0,1.0,http,0.0
2024-01-01 05:25:00,CELL_008,38.2,7.199,761.52,50,-82.9,-7.86,1.6039,1,link_6,87.0,3.0,1.0,video,0.0
2024-01-01 05:26:00,CELL_014,57.1,1.08,276.74,12,-94.6,-17.59,0.0494,1,link_7,58.0,4.0,1.0,voip,0.0
2024-01-01 05:27:00,CELL_016,87.1,6.241,850.32,51,-93.6,-17.91,0.151,1,link_8,22.0,5.0,1.0,file_transfer,0.0
2024-01-01 05:28:00,CELL_014,55.2,2.126,385.56,11,-115.4,-18.08,0.3038,0,link_9,10.0,1.0,1.0,http,0.0
2024-01-01 05:29:00,CELL_012,65.3,9.169,639.39,44,-76.9,-14.38,0.0764,1,link_10,35.0,2.0,1.0,video,0.0
2024-01-01 05:30:00,CELL_019,70.5,6.681,925.08,53,-78.8,-8.11,0.223,1,link_1,43.0,4.0,1.0,video,0.0
2024-01-01 05:31:00,CELL_015,51.7,1.884,253.3,15,-115.3,-16.28,0.0383,1,link_2,13.0,5.0,1.0,voip,0.0
2024-01-01 05:32:00,CELL_002,84.0,8.526,964.73,47,-94.8,-14.41,0.9901,1,link_3,16.0,1.0,1.0,file_transfer,0.0
2024-01-01 05:33:00,CELL_002,49.7,2.005,250.01,12,-108.8,-15.32,0.0026,1,link_4,50.0,2.0,1.0,http,0.0
2024-01-01 05:34:00,CELL_019,81.2,10.518,1032.15,39,-82.5,-10.28,0.0089,1,link_5,84.0,3.0,1.0,video,0.0
2024-01-01 05:35:00,CELL_017,48.3,2.24,229.83,16,-82.8,-4.93,0.0116,1,link_6,86.0,4.0,1.0,voip,0.0
2024-01-01 05:36:00,CELL_020,74.4,9.332,707.87,47,-107.3,-6.09,1.3659,1,link_7,54.0,5.0,1.0,file_transfer,0.0
2024-01-01 05:37:00,CELL_010,55.9,1.975,192.52,6,-113.7,-16.19,0.0145,1,link_8,19.0,1.0,1.0,http,0.0
2024-01-01 05:38:00,CELL_006,43.5,11.272,38.48,207,-74.7,-19.32,2.7466,1,link_9,11.0,2.0,1.0,video,0.0
2024-01-01 05:39:00,CELL_015,70.4,9.692,884.14,54,-113.1,-12.33,0.1436,1,link_10,39.0,3.0,1.0,voip,0.0
2024-01-01 05:40:00,CELL_011,49.8,1.588,328.07,11,-108.2,-6.52,0.0088,1,link_1,39.0,5.0,1.0,voip,0.0
2024-01-01 05:41:00,CELL_005,61.5,8.218,834.01,42,-70.5,-14.94,0.0117,1,link_2,11.0,1.0,1.0,file_transfer,0.0
2024-01-01 05:42:00,CELL_001,52.1,1.306,355.05,10,-91.1,-18.07,0.0202,1,link_3,19.0,2.0,1.0,http,0.0
2024-01-01 05:43:00,CELL_008,67.8,3.894,592.62,57,-98.1,-6.05,0.3377,1,link_4,54.0,3.0,1.0,video,0.0
2024-01-01 05:44:00,CELL_012,54.3,2.408,254.36,12,-85.9,-19.21,0.0144,1,link_5,85.0,4.0,1.0,voip,0.0
2024-01-01 05:45:00,CELL_012,44.8,1.501,366.5,12,-82.0,-7.74,0.0673,1,link_6,84.0,5.0,1.0,file_transfer,0.0
2024-01-01 05:46:00,CELL_005,83.1,3.942,1581.0,9,-77.5,-9.18,0.02,1,link_7,50.0,1.0,1.0,http,0.0
2024-01-01 05:47:00,CELL_007,47.6,1.954,288.72,11,-109.4,-10.88,0.0106,1,link_8,16.0,2.0,1.0,video,0.0
2024-01-01 05:48:00,CELL_004,61.8,0.352,267.63,14,-76.7,-6.02,0.0142,1,link_9,13.0,3.0,1.0,voip,0.0
2024-01-01 05:49:00,CELL_006,47.7,1.678,230.97,8,-119.2,-4.73,0.0541,1,link_10,43.0,4.0,1.0,file_transfer,0.0
2024-01-01 05:50:00,CELL_013,81.1,4.592,1437.37,6,-112.9,-7.16,0.0124,1,link_1,35.0,1.0,1.0,file_transfer,0.0
2024-01-01 05:51:00,CELL_020,49.5,18.619,42.3,197,-86.1,-16.52,0.0967,1,link_2,10.0,2.0,1.0,http,0.0
2024-01-01 05:52:00,CELL_015,69.4,9.141,705.37,58,-118.7,-7.96,0.001,1,link_3,21.0,3.0,1.0,video,0.0
2024-01-01 05:53:00,CELL_003,29.7,16.968,53.27,200,-104.1,-17.47,0.857,1,link_4,58.0,4.0,1.0,voip,0.0
2024-01-01 05:54:00,CELL_008,63.3,2.076,248.47,14,-110.6,-18.87,0.2654,0,link_5,87.0,5.0,1.0,file_transfer,0.0
2024-01-01 05:55:00,CELL_020,22.3,22.087,50.91,184,-73.1,-18.17,0.1509,1,link_6,81.0,1.0,1.0,http,0.0
2024-01-01 05:56:00,CELL_016,36.5,25.305,68.79,206,-80.1,-17.65,0.2911,1,link_7,46.0,2.0,1.0,video,0.0
2024-01-01 05:57:00,CELL_013,54.8,9.335,844.9,48,-90.1,-14.19,0.1539,1,link_8,14.0,3.0,1.0,voip,0.0
2024-01-01 05:58:00,CELL_018,42.6,22.275,18.06,205,-111.0,-10.54,0.5246,1,link_9,14.0,4.0,1.0,file_transfer,0.0
2024-01-01 05:59:00,CELL_010,74.6,8.032,550.62,52,-88.1,-13.57,0.0166,1,link_10,47.0,5.0,1.0,http,0.0
2024-01-01 06:00:00,CELL_019,79.2,10.499,643.69,40,-105.5,-4.87,0.4811,1,link_1,32.0,2.0,1.0,http,0.0
2024-01-01 06:01:00,CELL_017,74.3,12.318,1043.43,40,-108.3,-9.08,0.0584,1,link_2,10.0,3.0,1.0,video,0.0
2024-01-01 06:02:00,CELL_019,34.4,10.662,77.38,214,-74.9,-15.98,0.1566,1,link_3,24.0,4.0,1.0,voip,0.0
2024-01-01 06:03:00,CELL_005,69.8,5.706,791.12,45,-91.3,-16.77,0.232,1,link_4,62.0,5.0,1.0,file_transfer,0.0
2024-01-01 06:04:00,CELL_009,65.7,10.566,961.87,46,-103.2,-5.29,2.1129,0,link_5,88.0,1.0,1.0,http,0.0
2024-01-01 06:05:00,CELL_012,29.4,24.308,30.3,197,-82.7,-9.07,1.7236,1,link_6,79.0,2.0,1.0,video,0.0
2024-01-01 06:06:00,CELL_001,59.3,5.011,825.83,54,-111.8,-11.45,0.0694,1,link_7,43.0,3.0,1.0,voip,0.0
2024-01-01 06:07:00,CELL_001,71.7,5.745,866.9,42,-113.1,-4.45,0.6607,1,link_8,13.0,4.0,1.0,file_transfer,0.0
2024-01-01 06:08:00,CELL_015,73.5,9.52,844.93,46,-112.7,-13.93,0.0089,1,link_9,17.0,5.0,1.0,http,0.0
2024-01-01 06:09:00,CELL_002,68.9,7.909,880.8,54,-108.3,-13.26,1.2329,1,link_10,51.0,1.0,1.0,video,0.0
2024-01-01 06:10:00,CELL_016,62.7,1.762,298.26,13,-72.4,-17.43,0.041,1,link_1,28.0,3.0,1.0,video,0.0
2024-01-01 06:11:00,CELL_008,71.1,14.172,910.93,53,-112.0,-4.77,0.1997,1,link_2,10.0,4.0,1.0,voip,0.0
2024-01-01 06:12:00,CELL_013,79.9,4.852,1439.55,4,-108.8,-3.93,0.1576,1,link_3,27.0,5.0,1.0,file_transfer,0.0
2024-01-01 06:13:00,CELL_001,32.0,25.231,47.44,191,-77.7,-9.04,0.0943,1,link_4,66.0,1.0,1.0,http,0.0
2024-01-01 06:14:00,CELL_016,93.0,9.808,891.05,48,-115.4,-18.69,0.106,1,link_5,89.0,2.0,1.0,video,0.0
2024-01-01 06:15:00,CELL_007,67.5,11.013,918.71,41,-83.5,-8.12,0.9291,1,link_6,76.0,3.0,1.0,voip,0.0
2024-01-01 06:16:00,CELL_005,48.4,1.188,181.19,10,-83.3,-9.98,0.1586,0,link_7,39.0,4.0,1.0,file_transfer,0.0
2024-01-01 06:17:00,CELL_003,56.1,2.233,321.35,11,-89.5,-3.07,0.1072,0,link_8,11.0,5.0,1.0,http,0.0
2024-01-01 06:18:00,CELL_012,72.0,9.447,981.93,42,-105.4,-11.37,0.7328,1,link_9,19.0,1.0,1.0,video,0.0
2024-01-01 06:19:00,CELL_016,49.3,10.224,1035.01,45,-85.9,-4.28,0.0275,1,link_10,55.0,2.0,1.0,voip,0.0
2024-01-01 06:20:00,CELL_019,34.8,25.863,60.75,200,-103.6,-12.45,0.16,1,link_1,25.0,4.0,1.0,voip,0.0
2024-01-01 06:21:00,CELL_005,69.0,11.672,796.44,54,-108.2,-12.68,0.293,1,link_2,10.0,5.0,1.0,file_transfer,0.0
2024-01-01 06:22:00,CELL_014,60.1,10.145,824.78,40,-118.8,-15.73,0.1067,1,link_3,31.0,1.0,1.0,http,0.0
2024-01-01 06:23:00,CELL_005,28.4,22.872,75.69,209,-99.7,-18.33,1.779,1,link_4,69.0,2.0,1.0,video,0.0
2024-01-01 06:24:00,CELL_015,60.8,1.348,173.01,8,-87.7,-3.06,0.0039,1,link_5,89.0,3.0,1.0,voip,0.0
2024-01-01 06:25:00,CELL_017,60.8,6.885,771.08,38,-107.9,-4.86,1.7851,1,link_6,73.0,4.0,1.0,file_transfer,0.0
2024-01-01 06:26:00,CELL_014,44.2,2.122,240.54,8,-79.8,-4.88,0.0534,1,link_7,35.0,5.0,1.0,http,0.0
2024-01-01 06:27:00,CELL_020,76.3,4.938,1005.68,47,-109.0,-8.69,3.6318,0,link_8,10.0,1.0,1.0,video,0.0
2024-01-01 06:28:00,CELL_005,41.5,30.341,49.7,194,-102.8,-5.13,0.6403,1,link_9,22.0,2.0,1.0,voip,0.0
2024-01-01 06:29:00,CELL_012,49.8,1.807,337.67,15,-110.3,-3.02,0.0329,1,link_10,59.0,3.0,1.0,file_transfer,0.0
2024-01-01 06:30:00,CELL_016,34.0,15.087,51.75,220,-82.7,-14.25,0.6539,1,link_1,22.0,5.0,1.0,file_transfer,0.0
2024-01-01 06:31:00,CELL_016,76.8,3.666,1203.85,8,-116.3,-14.08,0.0318,1,link_2,10.0,1.0,1.0,http,0.0
2024-01-01 06:32:00,CELL_007,77.9,3.57,1348.58,10,-117.1,-10.72,0.1347,1,link_3,35.0,2.0,1.0,video,0.0
2024-01-01 06:33:00,CELL_004,77.2,5.282,1101.19,4,-89.7,-15.09,0.0962,1,link_4,73.0,3.0,1.0,voip,0.0
2024-01-01 06:34:00,CELL_001,51.0,2.034,285.27,12,-85.7,-8.91,0.0747,1,link_5,89.0,4.0,1.0,file_transfer,0.0
2024-01-01 06:35:00,CELL_005,69.8,6.654,879.82,45,-99.7,-16.14,1.2105,1,link_6,70.0,5.0,1.0,http,0.0
2024-01-01 06:36:00,CELL_010,57.4,1.689,275.67,12,-95.9,-8.25,0.0378,1,link_7,31.0,1.0,1.0,video,0.0
2024-01-01 06:37:00,CELL_005,42.2,1.887,321.17,11,-119.8,-13.53,0.0577,1,link_8,10.0,2.0,1.0,voip,0.0
2024-01-01 06:38:00,CELL_004,46.8,35.409,69.94,181,-93.1,-19.68,0.7765,1,link_9,25.0,3.0,1.0,file_transfer,0.0
2024-01-01 06:39:00,CELL_002,54.9,9.958,969.84,34,-116.7,-19.27,1.2835,1,link_10,63.0,4.0,1.0,http,0.0
2024-01-01 06:40:00,CELL_020,60.7,3.835,1519.51,12,-99.9,-18.2,0.0456,1,link_1,19.0,1.0,1.0,http,0.0
2024-01-01 06:41:00,CELL_010,38.1,10.941,54.0,197,-81.6,-8.68,0.8165,1,link_2,11.0,2.0,1.0,video,0.0
2024-01-01 06:42:00,CELL_019,83.3,4.349,538.42,10,-91.0,-3.28,0.1376,1,link_3,38.0,3.0,1.0,voip,0.0
2024-01-01 06:43:00,CELL_001,31.1,13.988,54.89,206,-100.3,-18.29,0.8846,1,link_4,76.0,4.0,1.0,file_transfer,0.0
2024-01-01 06:44:00,CELL_005,43.2,11.217,740.18,57,-88.9,-15.32,1.0594,1,link_5,89.0,5.0,1.0,http,0.0
2024-01-01 06:45:00,CELL_013,67.9,8.579,873.23,43,-95.1,-18.97,0.4319,1,link_6,66.0,1.0,1.0,video,0.0
2024-01-01 06:46:00,CELL_004,71.7,9.398,968.13,42,-89.6,-11.64,0.6912,1,link_7,28.0,2.0,1.0,voip,0.0
2024-01-01 06:47:00,CELL_016,79.0,7.856,725.75,41,-96.6,-8.57,0.3894,1,link_8,10.0,3.0,1.0,file_transfer,0.0
2024-01-01 06:48:00,CELL_016,55.3,1.333,198.62,9,-81.3,-5.4,0.1344,0,link_9,28.0,4.0,1.0,http,0.0
2024-01-01 06:49:00,CELL_002,35.5,24.117,26.36,174,-116.8,-10.99,0.2058,1,link_10,66.0,5.0,1.0,video,0.0
2024-01-01 06:50:00,CELL_017,26.7,19.731,57.9,209,-102.2,-12.62,0.0097,1,link_1,17.0,2.0,1.0,video,0.0
2024-01-01 06:51:00,CELL_020,50.7,1.505,331.33,11,-83.5,-17.06,0.0075,1,link_2,12.0,3.0,1.0,voip,0.0
2024-01-01 06:52:00,CELL_012,69.9,13.499,901.8,50,-85.5,-18.33,2.0219,0,link_3,42.0,4.0,1.0,file_transfer,0.0
2024-01-01 06:53:00,CELL_018,65.8,9.186,841.78,47,-113.5,-18.94,0.1577,1,link_4,79.0,5.0,1.0,http,0.0
2024-01-01 06:54:00,CELL_003,73.9,6.745,803.47,49,-115.7,-5.68,0.1935,1,link_5,88.0,1.0,1.0,video,0.0
2024-01-01 06:55:00,CELL_001,64.2,6.109,998.12,55,-90.3,-3.8,1.0257,1,link_6,62.0,2.0,1.0,voip,0.0
2024-01-01 06:56:00,CELL_001,61.3,1.705,274.43,9,-111.6,-18.44,0.15,0,link_7,24.0,3.0,1.0,file_transfer,0.0
2024-01-01 06:57:00,CELL_019,72.7,9.248,715.3,44,-95.9,-12.12,0.8657,1,link_8,10.0,4.0,1.0,http,0.0
2024-01-01 06:58:00,CELL_011,69.3,8.564,895.03,47,-74.9,-17.22,0.463,1,link_9,32.0,5.0,1.0,video,0.0
2024-01-01 06:59:00,CELL_005,67.5,8.951,938.57,47,-107.8,-18.47,0.1596,1,link_10,70.0,1.0,0.0,voip,1.0
2024-01-01 07:00:00,CELL_012,60.9,1.743,307.87,16,-82.0,-18.48,0.0315,1,link_1,15.0,3.0,1.0,voip,0.0
2024-01-01 07:01:00,CELL_003,54.9,2.175,232.06,4,-102.7,-8.72,0.1048,0,link_2,14.0,4.0,1.0,file_transfer,0.0
2024-01-01 07:02:00,CELL_001,51.3,1.749,352.74,7,-113.2,-14.56,0.1625,0,link_3,46.0,5.0,1.0,http,0.0
2024-01-01 07:03:00,CELL_001,52.7,2.09,163.68,9,-100.7,-17.47,0.0677,1,link_4,81.0,1.0,1.0,video,0.0
2024-01-01 07:04:00,CELL_008,86.4,4.221,1240.58,7,-77.1,-14.67,0.0239,1,link_5,87.0,2.0,1.0,voip,0.0
2024-01-01 07:05:00,CELL_010,55.1,8.656,728.84,46,-74.4,-8.63,1.2052,1,link_6,58.0,3.0,1.0,file_transfer,0.0
2024-01-01 07:06:00,CELL_011,46.3,1.136,367.67,11,-96.5,-8.25,0.0684,1,link_7,22.0,4.0,1.0,http,0.0
2024-01-01 07:07:00,CELL_012,49.3,24.745,72.19,196,-80.2,-18.57,0.2167,1,link_8,10.0,5.0,1.0,video,0.0
2024-01-01 07:08:00,CELL_013,63.1,1.85,162.36,12,-90.1,-3.9,0.0035,1,link_9,35.0,1.0,0.0,voip,1.0
2024-01-01 07:09:00,CELL_012,76.9,4.367,1372.22,13,-85.2,-3.8,0.068,1,link_10,73.0,2.0,1.0,file_transfer,0.0
2024-01-01 07:10:00,CELL_014,69.8,9.6,827.56,38,-78.4,-14.72,0.4665,1,link_1,13.0,4.0,1.0,file_transfer,0.0
2024-01-01 07:11:00,CELL_002,50.6,1.512,228.5,10,-89.9,-4.28,0.0744,1,link_2,16.0,5.0,1.0,http,0.0
2024-01-01 07:12:00,CELL_019,79.7,5.219,815.66,33,-97.1,-9.57,1.0771,1,link_3,50.0,1.0,1.0,video,0.0
2024-01-01 07:13:00,CELL_018,46.6,1.469,172.76,19,-79.6,-12.24,0.0475,1,link_4,84.0,2.0,1.0,voip,0.0
2024-01-01 07:14:00,CELL_003,60.4,6.302,778.55,54,-108.9,-7.95,0.0702,1,link_5,86.0,3.0,1.0,file_transfer,0.0
2024-01-01 07:15:00,CELL_017,86.8,11.891,752.13,42,-72.3,-18.98,0.5472,1,link_6,54.0,4.0,1.0,http,0.0
2024-01-01 07:16:00,CELL_008,60.3,0.82,233.11,17,-117.6,-15.91,0.0079,1,link_7,19.0,5.0,1.0,video,0.0
2024-01-01 07:17:00,CELL_010,51.3,2.203,316.05,15,-108.6,-18.81,0.0228,1,link_8,11.0,1.0,0.0,voip,1.0
2024-01-01 07:18:00,CELL_002,62.8,8.539,851.14,41,-114.1,-5.09,0.6698,1,link_9,39.0,2.0,1.0,file_transfer,0.0
2024-01-01 07:19:00,CELL_019,61.7,1.597,306.43,15,-79.6,-13.42,0.0168,1,link_10,76.0,3.0,1.0,http,0.0
2024-01-01 07:20:00,CELL_009,49.7,2.243,226.43,10,-114.3,-9.85,0.0869,1,link_1,11.0,5.0,1.0,http,0.0
2024-01-01 07:21:00,CELL_007,46.4,7.404,841.27,43,-103.2,-5.66,0.1988,1,link_2,19.0,1.0,1.0,video,0.0
2024-01-01 07:22:00,CELL_004,52.7,2.097,265.4,9,-112.2,-7.95,0.0129,1,link_3,54.0,2.0,1.0,voip,0.0
2024-01-01 07:23:00,CELL_018,36.3,34.239,52.06,216,-89.5,-7.81,0.1016,1,link_4,85.0,3.0,1.0,file_transfer,0.0
2024-01-01 07:24:00,CELL_013,48.2,1.571,175.52,16,-80.9,-8.11,0.0386,1,link_5,84.0,4.0,1.0,http,0.0
2024-01-01 07:25:00,CELL_011,100.0,8.537,705.4,55,-82.0,-9.88,0.2408,1,link_6,50.0,5.0,1.0,video,0.0
2024-01-01 07:26:00,CELL_004,65.2,9.578,661.05,51,-92.4,-3.52,0.5266,1,link_7,16.0,1.0,0.0,voip,1.0
2024-01-01 07:27:00,CELL_004,54.2,1.519,317.33,13,-102.5,-15.4,0.1033,0,link_8,13.0,2.0,1.0,file_transfer,0.0
2024-01-01 07:28:00,CELL_010,78.0,4.662,1336.86,11,-77.2,-14.76,0.3886,1,link_9,43.0,3.0,1.0,http,0.0
2024-01-01 07:29:00,CELL_005,65.2,1.904,193.78,10,-102.9,-19.61,0.0179,1,link_10,79.0,4.0,1.0,video,0.0
2024-01-01 07:30:00,CELL_009,86.0,7.616,900.29,44,-98.7,-4.38,0.0186,1,link_1,10.0,1.0,1.0,video,0.0
2024-01-01 07:31:00,CELL_003,60.0,2.48,232.84,9,-80.3,-3.88,0.027,1,link_2,21.0,2.0,1.0,voip,0.0
2024-01-01 07:32:00,CELL_017,42.8,30.655,40.16,214,-116.5,-19.87,0.6251,1,link_3,58.0,3.0,1.0,file_transfer,0.0
2024-01-01 07:33:00,CELL_003,81.6,8.129,830.46,53,-117.3,-16.74,0.3161,1,link_4,87.0,4.0,1.0,http,0.0
2024-01-01 07:34:00,CELL_016,69.8,3.519,1016.2,10,-113.6,-13.89,0.222,1,link_5,81.0,5.0,1.0,video,0.0
2024-01-01 07:35:00,CELL_004,74.6,4.158,1270.97,5,-102.8,-5.63,0.4438,1,link_6,46.0,1.0,0.0,voip,1.0
2024-01-01 07:36:00,CELL_018,63.9,8.373,970.26,42,-90.2,-7.71,0.1914,1,link_7,14.0,2.0,1.0,file_transfer,0.0
2024-01-01 07:37:00,CELL_017,84.8,4.401,1342.53,8,-107.4,-16.96,0.0051,1,link_8,14.0,3.0,1.0,http,0.0
2024-01-01 07:38:00,CELL_007,72.0,11.921,957.12,41,-81.7,-6.08,0.2638,1,link_9,47.0,4.0,1.0,video,0.0
2024-01-01 07:39:00,CELL_005,34.7,11.832,52.59,197,-103.3,-19.7,1.0468,1,link_10,82.0,5.0,1.0,voip,0.0
2024-01-01 07:40:00,CELL_012,66.2,2.32,293.99,21,-74.7,-4.39,0.0032,1,link_1,10.0,2.0,1.0,voip,0.0
2024-01-01 07:41:00,CELL_017,77.0,1.479,277.36,13,-113.4,-17.62,0.0023,1,link_2,24.0,3.0,1.0,file_transfer,0.0
2024-01-01 07:42:00,CELL_013,45.9,1.559,253.28,13,-119.3,-9.86,0.079,1,link_3,62.0,4.0,1.0,http,0.0
2024-01-01 07:43:00,CELL_003,40.9,26.17,64.14,207,-108.8,-12.31,1.833,1,link_4,88.0,5.0,1.0,video,0.0
2024-01-01 07:44:00,CELL_009,85.5,10.182,781.36,53,-111.1,-13.13,0.2346,1,link_5,79.0,1.0,0.0,voip,1.0
2024-01-01 07:45:00,CELL_017,55.0,2.013,256.65,16,-112.7,-5.9,0.1764,0,link_6,43.0,2.0,1.0,file_transfer,0.0
2024-01-01 07:46:00,CELL_017,60.6,11.447,662.89,55,-75.8,-9.73,0.3472,1,link_7,13.0,3.0,1.0,http,0.0
2024-01-01 07:47:00,CELL_020,90.7,6.629,789.5,57,-100.4,-3.49,0.0148,1,link_8,17.0,4.0,1.0,video,0.0
2024-01-01 07:48:00,CELL_016,77.4,7.742,926.96,42,-119.5,-8.17,0.0489,1,link_9,51.0,5.0,1.0,voip,0.0
2024-01-01 07:49:00,CELL_013,65.1,2.408,225.62,9,-111.6,-7.52,0.0235,1,link_10,84.0,1.0,1.0,file_transfer,0.0
2024-01-01 07:50:00,CELL_019,54.6,8.917,642.42,54,-90.3,-15.12,0.1855,1,link_1,10.0,3.0,1.0,file_transfer,0.0
2024-01-01 07:51:00,CELL_017,74.0,8.141,994.44,36,-106.4,-13.19,0.2287,1,link_2,27.0,4.0,1.0,http,0.0
2024-01-01 07:52:00,CELL_004,83.1,5.637,1147.42,45,-106.0,-8.72,0.1608,1,link_3,66.0,5.0,1.0,video,0.0
2024-01-01 07:53:00,CELL_012,73.7,8.58,758.24,41,-98.2,-11.22,1.0669,1,link_4,89.0,1.0,0.0,voip,1.0
2024-01-01 07:54:00,CELL_009,64.8,1.633,265.11,11,-76.4,-7.21,0.0058,1,link_5,76.0,2.0,1.0,file_transfer,0.0
2024-01-01 07:55:00,CELL_019,80.0,5.142,1176.87,6,-110.7,-13.14,0.1407,1,link_6,39.0,3.0,1.0,http,0.0
2024-01-01 07:56:00,CELL_012,57.0,8.351,935.31,41,-96.5,-7.21,0.4104,1,link_7,11.0,4.0,1.0,video,0.0
2024-01-01 07:57:00,CELL_009,73.3,3.233,1204.32,6,-111.5,-7.17,0.5358,0,link_8,19.0,5.0,1.0,voip,0.0
2024-01-01 07:58:00,CELL_007,40.3,28.212,33.31,212,-89.9,-11.07,0.8367,1,link_9,55.0,1.0,1.0,file_transfer,0.0
2024-01-01 07:59:00,CELL_014,40.8,1.925,328.04,17,-101.7,-17.64,0.0098,1,link_10,86.0,2.0,1.0,http,0.0
2024-01-01 08:00:00,CELL_020,55.3,2.58,237.06,12,-70.3,-5.02,0.018,1,link_1,10.0,4.0,1.0,http,0.0
2024-01-01 08:01:00,CELL_019,35.2,27.062,61.78,187,-76.1,-14.95,1.4503,1,link_2,31.0,5.0,1.0,video,0.0
2024-01-01 08:02:00,CELL_015,69.6,5.336,841.12,40,-97.7,-12.71,0.127,1,link_3,69.0,1.0,0.0,voip,1.0
2024-01-01 08:03:00,CELL_016,56.2,2.652,292.96,6,-103.8,-4.15,0.0414,1,link_4,89.0,2.0,1.0,file_transfer,0.0
2024-01-01 08:04:00,CELL_005,55.1,1.737,271.28,10,-73.9,-16.66,0.0144,1,link_5,73.0,3.0,1.0,http,0.0
2024-01-01 08:05:00,CELL_003,62.4,1.704,346.57,14,-114.7,-16.23,0.0894,1,link_6,35.0,4.0,1.0,video,0.0
2024-01-01 08:06:00,CELL_012,41.3,25.115,64.3,202,-84.5,-3.12,0.1915,1,link_7,10.0,5.0,1.0,voip,0.0
2024-01-01 08:07:00,CELL_020,71.1,13.593,959.74,49,-103.9,-4.33,0.5851,1,link_8,22.0,1.0,1.0,file_transfer,0.0
2024-01-01 08:08:00,CELL_004,64.5,2.169,236.44,4,-114.7,-13.89,0.002,1,link_9,59.0,2.0,1.0,http,0.0
2024-01-01 08:09:00,CELL_016,59.0,2.244,359.04,15,-105.6,-3.42,0.0698,1,link_10,87.0,3.0,1.0,video,0.0
2024-01-01 08:10:00,CELL_007,71.1,13.308,862.71,41,-94.8,-3.56,1.7637,1,link_1,10.0,5.0,1.0,video,0.0
2024-01-01 08:11:00,CELL_013,82.0,6.235,829.58,41,-107.1,-4.36,1.2022,1,link_2,35.0,1.0,0.0,voip,1.0
2024-01-01 08:12:00,CELL_010,56.5,1.926,227.8,18,-81.9,-19.43,0.0733,1,link_3,73.0,2.0,1.0,file_transfer,0.0
2024-01-01 08:13:00,CELL_007,33.5,15.594,64.23,192,-110.4,-10.62,2.0818,1,link_4,89.0,3.0,1.0,http,0.0
2024-01-01 08:14:00,CELL_014,62.4,2.469,178.17,6,-84.3,-11.09,0.0873,1,link_5,70.0,4.0,1.0,video,0.0
2024-01-01 08:15:00,CELL_005,30.7,29.323,23.09,196,-109.1,-19.75,2.0461,1,link_6,31.0,5.0,1.0,voip,0.0
2024-01-01 08:16:00,CELL_003,61.4,1.556,201.16,9,-93.1,-16.29,0.0355,1,link_7,10.0,1.0,1.0,file_transfer,0.0
2024-01-01 08:17:00,CELL_011,100.0,5.512,699.76,46,-101.0,-9.83,0.4287,1,link_8,25.0,2.0,1.0,http,0.0
2024-01-01 08:18:00,CELL_011,67.3,10.783,1041.92,41,-116.4,-15.86,0.2168,1,link_9,63.0,3.0,1.0,video,0.0
2024-01-01 08:19:00,CELL_018,74.1,7.44,750.38,56,-70.3,-5.21,0.287,1,link_10,88.0,4.0,1.0,voip,0.0
2024-01-01 08:20:00,CELL_015,82.5,7.625,1064.33,38,-80.9,-19.02,0.5562,1,link_1,11.0,1.0,0.0,voip,1.0
2024-01-01 08:21:00,CELL_012,67.8,13.186,812.25,31,-113.2,-8.72,0.5804,1,link_2,38.0,2.0,1.0,file_transfer,0.0
2024-01-01 08:22:00,CELL_009,28.8,25.637,26.33,223,-112.5,-12.81,0.9195,1,link_3,76.0,3.0,1.0,http,0.0
2024-01-01 08:23:00,CELL_010,43.8,19.928,48.1,196,-83.1,-3.88,1.1792,1,link_4,89.0,4.0,1.0,video,0.0
2024-01-01 08:24:00,CELL_012,73.0,7.904,815.83,49,-80.8,-18.65,0.5217,1,link_5,66.0,5.0,1.0,voip,0.0
2024-01-01 08:25:00,CELL_017,58.9,8.977,859.22,49,-93.2,-10.44,0.4625,1,link_6,28.0,1.0,1.0,file_transfer,0.0
2024-01-01 08:26:00,CELL_006,54.3,7.909,839.44,47,-111.5,-3.19,0.0733,1,link_7,10.0,2.0,1.0,http,0.0
2024-01-01 08:27:00,CELL_007,68.2,1.515,236.75,8,-104.7,-17.26,0.0184,1,link_8,28.0,3.0,1.0,video,0.0
2024-01-01 08:28:00,CELL_014,66.9,8.511,783.18,58,-115.7,-19.63,0.179,1,link_9,66.0,4.0,1.0,voip,0.0
2024-01-01 08:29:00,CELL_013,75.2,10.68,555.65,39,-99.6,-10.09,0.4391,1,link_10,89.0,5.0,1.0,file_transfer,0.0
2024-01-01 08:30:00,CELL_008,83.0,5.102,1381.02,12,-83.0,-6.41,0.1886,1,link_1,12.0,2.0,1.0,file_transfer,0.0
2024-01-01 08:31:00,CELL_010,41.5,18.109,33.06,196,-102.4,-11.52,1.4046,1,link_2,42.0,3.0,1.0,http,0.0
2024-01-01 08:32:00,CELL_009,73.3,7.512,764.31,51,-102.0,-15.34,0.0892,1,link_3,79.0,4.0,1.0,video,0.0
2024-01-01 08:33:00,CELL_018,55.1,1.964,185.89,11,-84.4,-3.46,0.0066,1,link_4,88.0,5.0,1.0,voip,0.0
2024-01-01 08:34:00,CELL_002,70.4,15.253,804.46,48,-106.2,-7.9,0.1037,1,link_5,62.0,1.0,1.0,file_transfer,0.0
2024-01-01 08:35:00,CELL_005,38.3,33.702,45.63,223,-107.2,-3.73,0.4206,1,link_6,24.0,2.0,1.0,http,0.0
2024-01-01 08:36:00,CELL_005,47.9,1.311,184.2,15,-114.9,-6.41,0.0105,1,link_7,10.0,3.0,1.0,video,0.0
2024-01-01 08:37:00,CELL_006,73.8,10.694,609.31,47,-82.0,-14.14,2.2718,0,link_8,32.0,4.0,1.0,voip,0.0
2024-01-01 08:38:00,CELL_019,35.3,18.612,38.92,201,-86.9,-11.48,0.533,1,link_9,70.0,5.0,1.0,file_transfer,0.0
2024-01-01 08:39:00,CELL_008,85.2,11.199,931.2,31,-104.9,-9.12,0.0113,1,link_10,89.0,1.0,1.0,http,0.0
2024-01-01 08:40:00,CELL_016,77.5,11.039,844.65,39,-76.3,-10.52,0.1075,1,link_1,14.0,3.0,1.0,http,0.0
2024-01-01 08:41:00,CELL_013,56.5,5.988,738.84,44,-78.0,-18.84,0.1714,1,link_2,46.0,4.0,1.0,video,0.0
2024-01-01 08:42:00,CELL_001,60.0,1.481,256.37,9,-91.7,-10.62,0.051,1,link_3,81.0,5.0,1.0,voip,0.0
2024-01-01 08:43:00,CELL_020,67.8,10.769,846.01,45,-78.4,-5.75,0.0022,1,link_4,87.0,1.0,1.0,file_transfer,0.0
2024-01-01 08:44:00,CELL_017,66.5,9.07,786.03,50,-75.0,-14.47,0.4977,1,link_5,58.0,2.0,1.0,http,0.0
2024-01-01 08:45:00,CELL_007,82.8,10.416,851.17,42,-95.7,-9.67,0.0093,1,link_6,22.0,3.0,1.0,video,0.0
2024-01-01 08:46:00,CELL_013,81.1,7.332,874.7,39,-106.6,-10.74,0.1779,1,link_7,10.0,4.0,1.0,voip,0.0
2024-01-01 08:47:00,CELL_004,44.8,20.143,42.56,199,-115.5,-5.21,0.253,1,link_8,35.0,5.0,1.0,file_transfer,0.0
2024-01-01 08:48:00,CELL_004,76.1,7.889,927.8,35,-74.4,-19.69,0.6524,1,link_9,73.0,1.0,1.0,http,0.0
2024-01-01 08:49:00,CELL_006,62.4,11.392,708.16,46,-106.4,-12.37,0.2786,1,link_10,89.0,2.0,1.0,video,0.0
2024-01-01 08:50:00,CELL_019,51.0,1.925,283.85,13,-73.8,-16.95,0.1381,0,link_1,16.0,4.0,1.0,video,0.0
2024-01-01 08:51:00,CELL_012,41.1,22.732,49.65,215,-117.0,-5.89,0.1673,1,link_2,50.0,5.0,1.0,voip,0.0
2024-01-01 08:52:00,CELL_007,36.9,16.2,38.6,199,-77.5,-19.19,1.1006,1,link_3,84.0,1.0,1.0,file_transfer,0.0
2024-01-01 08:53:00,CELL_010,65.2,1.621,193.52,12,-74.5,-5.61,0.0087,1,link_4,86.0,2.0,1.0,http,0.0
2024-01-01 08:54:00,CELL_019,83.0,9.706,925.14,48,-113.9,-14.53,0.3924,1,link_5,54.0,3.0,1.0,video,0.0
2024-01-01 08:55:00,CELL_007,45.3,22.209,16.1,185,-89.1,-9.67,1.654,1,link_6,19.0,4.0,1.0,voip,0.0
2024-01-01 08:56:00,CELL_003,51.3,1.208,242.07,8,-73.5,-9.36,0.0995,1,link_7,11.0,5.0,1.0,file_transfer,0.0
2024-01-01 08:57:00,CELL_013,56.4,9.041,838.68,48,-89.5,-10.58,0.0715,1,link_8,39.0,1.0,1.0,http,0.0
2024-01-01 08:58:00,CELL_013,95.9,4.795,1350.26,11,-102.2,-19.21,0.3799,1,link_9,76.0,2.0,1.0,video,0.0
2024-01-01 08:59:00,CELL_018,67.8,8.465,722.33,38,-93.8,-4.49,0.0502,1,link_10,89.0,3.0,1.0,voip,0.0
2024-01-01 09:00:00,CELL_020,65.7,5.216,1296.05,3,-72.6,-7.74,0.2649,1,link_1,19.0,5.0,1.0,voip,0.0
2024-01-01 09:01:00,CELL_008,29.1,26.941,52.93,187,-119.5,-3.53,1.2493,1,link_2,54.0,1.0,1.0,file_transfer,0.0
2024-01-01 09:02:00,CELL_009,56.3,1.993,210.75,8,-89.8,-8.63,0.0209,1,link_3,85.0,2.0,1.0,http,0.0
2024-01-01 09:03:00,CELL_007,87.3,2.485,1282.09,7,-71.9,-8.92,0.4431,1,link_4,84.0,3.0,1.0,video,0.0
2024-01-01 09:04:00,CELL_001,44.6,23.46,51.11,191,-70.9,-4.5,1.6192,1,link_5,50.0,4.0,1.0,voip,0.0
2024-01-01 09:05:00,CELL_003,64.5,11.127,825.04,55,-80.9,-16.48,0.6977,1,link_6,16.0,5.0,1.0,file_transfer,0.0
2024-01-01 09:06:00,CELL_013,47.1,1.063,246.49,12,-78.1,-3.18,0.0299,1,link_7,13.0,1.0,1.0,http,0.0
2024-01-01 09:07:00,CELL_017,71.7,9.536,758.24,44,-118.6,-15.03,0.3963,1,link_8,43.0,2.0,1.0,video,0.0
2024-01-01 09:08:00,CELL_001,91.0,3.966,949.46,44,-78.0,-6.74,0.1732,1,link_9,79.0,3.0,1.0,voip,0.0
2024-01-01 09:09:00,CELL_006,29.3,23.585,50.63,195,-102.2,-3.25,3.729,1,link_10,88.0,4.0,1.0,file_transfer,0.0
2024-01-01 09:10:00,CELL_006,71.8,12.258,767.22,45,-86.5,-17.93,0.0061,1,link_1,21.0,1.0,1.0,file_transfer,0.0
2024-01-01 09:11:00,CELL_012,65.9,10.038,812.77,46,-75.7,-17.26,1.1704,1,link_2,58.0,2.0,1.0,http,0.0
2024-01-01 09:12:00,CELL_013,65.0,1.622,199.48,10,-80.2,-13.99,0.0124,1,link_3,87.0,3.0,1.0,video,0.0
2024-01-01 09:13:00,CELL_013,31.5,23.691,74.53,201,-101.9,-3.01,0.4659,1,link_4,81.0,4.0,1.0,voip,0.0
2024-01-01 09:14:00,CELL_015,70.4,11.974,723.63,45,-93.5,-19.24,0.2469,1,link_5,46.0,5.0,1.0,file_transfer,0.0
2024-01-01 09:15:00,CELL_016,67.8,8.676,973.73,36,-89.5,-11.23,0.1807,1,link_6,14.0,1.0,1.0,http,0.0
2024-01-01 09:16:00,CELL_011,56.0,10.167,824.71,45,-96.6,-18.62,2.329,0,link_7,14.0,2.0,1.0,video,0.0
2024-01-01 09:17:00,CELL_005,60.2,2.216,242.56,8,-98.2,-8.87,0.164,0,link_8,47.0,3.0,1.0,voip,0.0
2024-01-01 09:18:00,CELL_004,86.9,9.378,910.92,60,-114.9,-18.51,0.0995,1,link_9,82.0,4.0,1.0,file_transfer,0.0
2024-01-01 09:19:00,CELL_003,56.9,1.215,300.78,11,-80.2,-10.03,0.0984,1,link_10,87.0,5.0,1.0,http,0.0
2024-01-01 09:20:00,CELL_019,75.6,7.299,908.48,49,-97.0,-18.72,0.0282,1,link_1,24.0,2.0,1.0,http,0.0
2024-01-01 09:21:00,CELL_020,84.3,6.447,839.23,55,-85.6,-6.96,0.0251,1,link_2,62.0,3.0,1.0,video,0.0
2024-01-01 09:22:00,CELL_018,80.9,3.026,1189.45,7,-74.3,-8.41,0.0187,1,link_3,88.0,4.0,1.0,voip,0.0
2024-01-01 09:23:00,CELL_015,62.9,8.231,909.16,48,-71.5,-3.21,0.1366,1,link_4,79.0,5.0,1.0,file_transfer,0.0
2024-01-01 09:24:00,CELL_009,69.3,1.921,299.45,7,-84.9,-8.73,0.0112,1,link_5,43.0,1.0,1.0,http,0.0
2024-01-01 09:25:00,CELL_017,50.5,5.753,629.62,39,-96.1,-6.5,0.2139,1,link_6,13.0,2.0,1.0,video,0.0
2024-01-01 09:26:00,CELL_014,59.9,2.704,222.96,17,-101.3,-10.39,0.0517,1,link_7,17.0,3.0,1.0,voip,0.0
2024-01-01 09:27:00,CELL_015,66.1,1.685,352.91,9,-115.2,-11.16,0.161,0,link_8,51.0,4.0,1.0,file_transfer,0.0
2024-01-01 09:28:00,CELL_001,73.4,8.791,991.54,31,-90.7,-7.67,1.726,1,link_9,84.0,5.0,1.0,http,0.0
2024-01-01 09:29:00,CELL_003,82.6,11.427,849.26,50,-75.5,-18.71,0.2803,1,link_10,85.0,1.0,1.0,video,0.0
2024-01-01 09:30:00,CELL_016,63.8,9.967,745.92,56,-108.8,-8.33,0.316,1,link_1,27.0,3.0,1.0,video,0.0
2024-01-01 09:31:00,CELL_011,62.6,1.408,195.18,8,-76.5,-14.45,0.0778,1,link_2,66.0,4.0,1.0,voip,0.0
2024-01-01 09:32:00,CELL_012,40.4,7.858,24.83,193,-97.7,-4.52,2.2628,1,link_3,89.0,5.0,1.0,file_transfer,0.0
2024-01-01 09:33:00,CELL_010,37.6,3.029,389.57,15,-104.3,-19.42,0.027,0,link_4,76.0,1.0,1.0,http,0.0
2024-01-01 09:34:00,CELL_016,55.3,1.893,233.36,6,-73.5,-12.48,0.064,1,link_5,39.0,2.0,1.0,video,0.0
2024-01-01 09:35:00,CELL_008,71.4,8.787,732.44,53,-108.4,-3.64,0.8367,1,link_6,11.0,3.0,1.0,voip,0.0
2024-01-01 09:36:00,CELL_006,54.1,8.535,517.55,34,-88.0,-4.37,0.9161,1,link_7,19.0,4.0,1.0,file_transfer,0.0
2024-01-01 09:37:00,CELL_012,73.0,4.508,671.46,42,-70.1,-13.33,0.0867,1,link_8,55.0,5.0,1.0,http,0.0
2024-01-01 09:38:00,CELL_008,71.6,11.975,884.42,49,-99.5,-17.37,0.3334,1,link_9,86.0,1.0,1.0,video,0.0
2024-01-01 09:39:00,CELL_004,76.3,4.5,690.77,39,-76.7,-17.11,0.336,1,link_10,83.0,2.0,1.0,voip,0.0
2024-01-01 09:40:00,CELL_008,61.3,2.107,247.71,11,-108.5,-15.52,0.0208,1,link_1,31.0,4.0,1.0,voip,0.0
2024-01-01 09:41:00,CELL_018,45.6,2.077,242.58,11,-115.9,-17.86,0.0062,1,link_2,69.0,5.0,1.0,file_transfer,0.0
2024-01-01 09:42:00,CELL_005,88.9,5.488,1292.91,10,-88.4,-14.04,0.0133,1,link_3,89.0,1.0,1.0,http,0.0
2024-01-01 09:43:00,CELL_009,76.5,9.572,932.52,45,-75.3,-17.48,0.2269,1,link_4,73.0,2.0,1.0,video,0.0
2024-01-01 09:44:00,CELL_004,50.4,1.915,299.53,15,-90.9,-6.04,0.1215,0,link_5,35.0,3.0,1.0,voip,0.0
2024-01-01 09:45:00,CELL_017,44.1,37.311,57.34,195,-85.0,-10.65,0.1363,1,link_6,10.0,4.0,1.0,file_transfer,0.0
2024-01-01 09:46:00,CELL_009,41.1,2.009,315.19,12,-78.8,-5.72,0.0285,1,link_7,22.0,5.0,1.0,http,0.0
2024-01-01 09:47:00,CELL_001,81.7,9.664,894.02,43,-112.0,-7.23,0.9651,1,link_8,59.0,1.0,1.0,video,0.0
2024-01-01 09:48:00,CELL_020,93.0,9.875,709.64,40,-71.3,-8.98,0.9384,1,link_9,87.0,2.0,1.0,voip,0.0
2024-01-01 09:49:00,CELL_013,59.5,12.636,809.84,39,-71.0,-16.68,0.0655,1,link_10,81.0,3.0,1.0,file_transfer,0.0
2024-01-01 09:50:00,CELL_016,67.2,12.465,945.53,47,-74.3,-5.07,0.4163,1,link_1,35.0,5.0,1.0,file_transfer,0.0
2024-01-01 09:51:00,CELL_013,18.9,13.948,51.01,206,-112.9,-12.52,0.7392,1,link_2,73.0,1.0,1.0,http,0.0
2024-01-01 09:52:00,CELL_014,74.8,6.859,933.8,56,-113.4,-3.21,0.0564,1,link_3,89.0,2.0,1.0,video,0.0
2024-01-01 09:53:00,CELL_003,50.8,10.393,868.03,57,-75.8,-10.76,0.7557,1,link_4,70.0,3.0,1.0,voip,0.0
2024-01-01 09:54:00,CELL_006,40.2,24.744,61.55,214,-71.6,-16.38,2.333,1,link_5,31.0,4.0,1.0,file_transfer,0.0
2024-01-01 09:55:00,CELL_018,24.3,29.438,39.72,228,-94.8,-11.7,0.3338,1,link_6,10.0,5.0,1.0,http,0.0
2024-01-01 09:56:00,CELL_019,55.5,1.297,248.77,17,-93.1,-16.01,0.0265,1,link_7,25.0,1.0,1.0,video,0.0
2024-01-01 09:57:00,CELL_005,48.5,1.383,264.51,12,-75.5,-10.17,0.0525,1,link_8,63.0,2.0,1.0,voip,0.0
2024-01-01 09:58:00,CELL_015,73.6,14.261,894.52,58,-119.0,-15.2,0.012,1,link_9,88.0,3.0,1.0,file_transfer,0.0
2024-01-01 09:59:00,CELL_002,67.6,9.978,754.75,44,-85.2,-3.39,0.462,1,link_10,78.0,4.0,1.0,http,0.0
2024-01-01 10:00:00,CELL_010,77.6,10.551,718.99,43,-71.8,-19.63,0.2723,1,link_1,38.0,1.0,1.0,http,0.0
2024-01-01 10:01:00,CELL_018,44.3,2.292,335.34,13,-86.1,-16.82,0.0413,1,link_2,76.0,2.0,1.0,video,0.0
2024-01-01 10:02:00,CELL_013,78.7,6.11,1010.91,12,-107.6,-5.0,0.3175,1,link_3,89.0,3.0,1.0,voip,0.0
2024-01-01 10:03:00,CELL_005,53.9,11.249,859.2,51,-78.3,-11.85,0.5483,1,link_4,66.0,4.0,1.0,file_transfer,0.0
2024-01-01 10:04:00,CELL_001,47.3,2.133,229.92,9,-87.0,-7.83,0.077,1,link_5,28.0,5.0,1.0,http,0.0
2024-01-01 10:05:00,CELL_001,80.6,11.062,807.14,47,-76.5,-16.28,0.0981,1,link_6,10.0,1.0,1.0,video,0.0
2024-01-01 10:06:00,CELL_018,42.1,1.742,319.66,11,-88.5,-12.58,0.0868,1,link_7,28.0,2.0,1.0,voip,0.0
2024-01-01 10:07:00,CELL_015,69.8,11.267,678.5,54,-118.6,-18.58,0.3966,1,link_8,66.0,3.0,1.0,file_transfer,0.0
2024-01-01 10:08:00,CELL_017,60.7,7.747,637.64,46,-81.6,-18.46,2.0758,0,link_9,89.0,4.0,1.0,http,0.0
2024-01-01 10:09:00,CELL_011,49.7,27.679,27.43,193,-94.6,-19.33,1.3271,1,link_10,76.0,5.0,1.0,video,0.0
2024-01-01 10:10:00,CELL_017,55.1,2.397,293.56,15,-94.7,-16.0,0.0434,1,link_1,42.0,2.0,1.0,video,0.0
2024-01-01 10:11:00,CELL_013,61.9,1.315,162.97,19,-94.8,-9.09,0.022,1,link_2,79.0,3.0,1.0,voip,0.0
2024-01-01 10:12:00,CELL_001,57.9,6.197,964.99,53,-114.1,-12.27,0.0315,1,link_3,88.0,4.0,1.0,file_transfer,0.0
2024-01-01 10:13:00,CELL_002,75.1,5.483,618.9,49,-96.4,-11.22,0.0135,1,link_4,62.0,5.0,1.0,http,0.0
2024-01-01 10:14:00,CELL_009,70.6,9.926,873.4,39,-82.3,-5.02,0.0413,1,link_5,24.0,1.0,1.0,video,0.0
2024-01-01 10:15:00,CELL_003,24.7,21.164,29.84,212,-106.0,-8.53,4.2119,1,link_6,10.0,2.0,1.0,voip,0.0
2024-01-01 10:16:00,CELL_001,83.5,4.816,1284.75,10,-73.9,-18.71,0.0338,1,link_7,32.0,3.0,1.0,file_transfer,0.0
2024-01-01 10:17:00,CELL_016,62.2,2.196,282.14,15,-107.6,-16.23,0.289,0,link_8,70.0,4.0,1.0,http,0.0
2024-01-01 10:18:00,CELL_006,62.2,8.725,926.75,31,-90.6,-10.17,1.2194,1,link_9,89.0,5.0,1.0,video,0.0
2024-01-01 10:19:00,CELL_017,40.4,8.824,32.26,215,-113.1,-12.05,1.4709,1,link_10,72.0,1.0,1.0,voip,0.0
2024-01-01 10:20:00,CELL_005,45.0,1.318,242.18,15,-76.5,-8.58,0.0125,1,link_1,46.0,3.0,1.0,voip,0.0
2024-01-01 10:21:00,CELL_005,49.4,1.915,262.41,12,-81.4,-4.42,0.0473,1,link_2,81.0,4.0,1.0,file_transfer,0.0
2024-01-01 10:22:00,CELL_006,88.2,9.432,865.31,49,-119.4,-10.74,2.1634,0,link_3,87.0,5.0,1.0,http,0.0
2024-01-01 10:23:00,CELL_003,13.4,12.014,56.38,224,-114.9,-15.5,0.6138,1,link_4,58.0,1.0,1.0,video,0.0
2024-01-01 10:24:00,CELL_005,41.1,1.513,226.01,15,-80.4,-15.15,0.0152,1,link_5,22.0,2.0,1.0,voip,0.0
2024-01-01 10:25:00,CELL_005,36.9,40.84,32.19,202,-111.8,-18.39,2.9538,1,link_6,10.0,3.0,1.0,file_transfer,0.0
2024-01-01 10:26:00,CELL_010,44.1,9.769,8.04,199,-112.5,-3.99,1.2717,1,link_7,35.0,4.0,1.0,http,0.0
2024-01-01 10:27:00,CELL_010,76.4,10.7,822.09,50,-83.2,-19.27,0.1416,1,link_8,73.0,5.0,1.0,video,0.0
2024-01-01 10:28:00,CELL_019,31.8,16.567,53.39,205,-84.3,-19.49,0.1242,1,link_9,89.0,1.0,1.0,voip,0.0
2024-01-01 10:29:00,CELL_017,19.6,31.378,52.72,212,-88.5,-12.34,0.5306,1,link_10,69.0,2.0,1.0,file_transfer,0.0
2024-01-01 10:30:00,CELL_014,77.1,6.494,759.88,35,-89.5,-8.51,0.1805,1,link_1,50.0,4.0,1.0,file_transfer,0.0
2024-01-01 10:31:00,CELL_009,83.1,10.772,998.82,34,-83.7,-7.95,0.527,1,link_2,84.0,5.0,1.0,http,0.0
2024-01-01 10:32:00,CELL_014,81.3,9.162,768.44,41,-88.3,-18.07,0.5303,1,link_3,86.0,1.0,1.0,video,0.0
2024-01-01 10:33:00,CELL_001,56.7,2.032,184.18,9,-99.6,-14.27,0.1741,0,link_4,54.0,2.0,1.0,voip,0.0
2024-01-01 10:34:00,CELL_019,81.5,11.373,768.35,58,-104.0,-12.61,0.5769,1,link_5,19.0,3.0,1.0,file_transfer,0.0
2024-01-01 10:35:00,CELL_013,44.7,1.794,282.16,12,-75.9,-17.77,0.0544,1,link_6,11.0,4.0,1.0,http,0.0
2024-01-01 10:36:00,CELL_013,83.7,8.977,785.08,41,-103.2,-5.59,0.2621,1,link_7,39.0,5.0,1.0,video,0.0
2024-01-01 10:37:00,CELL_004,12.1,30.765,23.94,194,-116.9,-14.83,1.2562,1,link_8,76.0,1.0,1.0,voip,0.0
2024-01-01 10:38:00,CELL_001,57.8,8.354,841.47,51,-90.2,-7.81,0.4455,1,link_9,89.0,2.0,1.0,file_transfer,0.0
2024-01-01 10:39:00,CELL_017,59.7,10.508,876.85,50,-80.2,-15.71,0.7204,1,link_10,65.0,3.0,1.0,http,0.0
2024-01-01 10:40:00,CELL_008,49.7,1.553,241.71,7,-105.9,-11.23,0.0857,1,link_1,54.0,5.0,1.0,http,0.0
2024-01-01 10:41:00,CELL_002,57.0,1.624,235.83,18,-107.4,-6.66,0.0176,1,link_2,85.0,1.0,1.0,video,0.0
2024-01-01 10:42:00,CELL_008,61.1,7.861,655.7,50,-112.9,-16.2,0.5265,1,link_3,84.0,2.0,1.0,voip,0.0
2024-01-01 10:43:00,CELL_007,66.6,7.034,732.96,33,-75.5,-3.58,0.2641,1,link_4,50.0,3.0,1.0,file_transfer,0.0
2024-01-01 10:44:00,CELL_002,92.7,6.526,897.54,46,-85.6,-17.62,0.9224,1,link_5,16.0,4.0,1.0,http,0.0
2024-01-01 10:45:00,CELL_003,32.4,30.887,5.0,187,-112.7,-10.71,1.0049,1,link_6,13.0,5.0,1.0,video,0.0
2024-01-01 10:46:00,CELL_018,52.8,18.122,51.27,196,-91.1,-18.53,0.5955,1,link_7,43.0,1.0,1.0,voip,0.0
2024-01-01 10:47:00,CELL_012,40.8,1.356,249.74,12,-96.8,-4.68,0.0902,1,link_8,79.0,2.0,1.0,file_transfer,0.0
2024-01-01 10:48:00,CELL_001,43.5,20.448,71.2,198,-78.6,-6.54,0.7272,1,link_9,88.0,3.0,1.0,http,0.0
2024-01-01 10:49:00,CELL_012,48.5,18.114,32.58,187,-87.6,-7.92,0.1565,1,link_10,62.0,4.0,1.0,video,0.0
2024-01-01 10:50:00,CELL_005,68.7,9.884,968.45,38,-110.3,-3.49,0.2227,1,link_1,58.0,1.0,1.0,video,0.0
2024-01-01 10:51:00,CELL_017,82.0,3.186,1075.59,13,-103.0,-16.99,0.3675,1,link_2,87.0,2.0,1.0,voip,0.0
2024-01-01 10:52:00,CELL_016,36.7,28.259,42.44,209,-83.0,-6.77,1.9355,1,link_3,81.0,3.0,1.0,file_transfer,0.0
2024-01-01 10:53:00,CELL_015,82.9,7.42,891.87,41,-111.1,-18.68,0.5722,1,link_4,46.0,4.0,1.0,http,0.0
2024-01-01 10:54:00,CELL_015,63.6,9.246,945.8,32,-108.8,-14.01,0.0105,1,link_5,14.0,5.0,1.0,video,0.0
2024-01-01 10:55:00,CELL_005,89.8,10.01,878.43,48,-74.8,-11.65,0.0423,1,link_6,14.0,1.0,1.0,voip,0.0
2024-01-01 10:56:00,CELL_014,43.8,9.411,716.98,47,-87.5,-12.82,0.1491,1,link_7,47.0,2.0,1.0,file_transfer,0.0
2024-01-01 10:57:00,CELL_002,32.3,19.466,44.91,197,-90.6,-16.83,0.2987,1,link_8,82.0,3.0,1.0,http,0.0
2024-01-01 10:58:00,CELL_011,50.9,1.79,110.71,10,-95.8,-4.55,0.0815,1,link_9,87.0,4.0,1.0,video,0.0
2024-01-01 10:59:00,CELL_019,34.0,18.826,70.23,189,-96.9,-16.93,2.5395,1,link_10,58.0,5.0,1.0,voip,0.0
2024-01-01 11:00:00,CELL_007,35.3,27.691,37.14,186,-80.1,-17.75,0.3291,1,link_1,62.0,2.0,1.0,voip,0.0
2024-01-01 11:01:00,CELL_006,67.0,2.024,314.83,9,-96.6,-3.87,0.0389,1,link_2,88.0,3.0,1.0,file_transfer,0.0
2024-01-01 11:02:00,CELL_002,54.8,1.705,313.56,13,-107.3,-15.26,0.0148,1,link_3,79.0,4.0,1.0,http,0.0
2024-01-01 11:03:00,CELL_006,66.1,7.94,919.52,37,-84.2,-18.3,0.1937,1,link_4,43.0,5.0,1.0,video,0.0
2024-01-01 11:04:00,CELL_018,50.7,8.2,803.77,49,-85.5,-17.8,1.3218,1,link_5,13.0,1.0,1.0,voip,0.0
2024-01-01 11:05:00,CELL_002,51.1,1.999,278.56,13,-79.0,-10.76,0.054,1,link_6,17.0,2.0,1.0,file_transfer,0.0
2024-01-01 11:06:00,CELL_018,65.7,8.538,738.25,55,-91.0,-13.8,0.4266,1,link_7,51.0,3.0,1.0,http,0.0
2024-01-01 11:07:00,CELL_015,94.3,4.539,873.0,50,-119.3,-19.65,0.1689,1,link_8,84.0,4.0,1.0,video,0.0
2024-01-01 11:08:00,CELL_019,36.4,25.489,41.09,185,-115.7,-5.57,6.0674,0,link_9,85.0,5.0,1.0,voip,0.0
2024-01-01 11:09:00,CELL_002,55.7,2.122,178.03,18,-81.5,-15.51,0.1242,0,link_10,54.0,1.0,0.0,file_transfer,0.0
2024-01-01 11:10:00,CELL_020,68.8,9.567,910.47,40,-93.4,-6.06,0.7668,1,link_1,66.0,3.0,1.0,file_transfer,0.0
2024-01-01 11:11:00,CELL_006,55.8,1.173,92.21,15,-74.5,-4.51,0.0544,0,link_2,89.0,4.0,1.0,http,0.0
2024-01-01 11:12:00,CELL_001,14.8,30.115,70.76,236,-80.5,-6.32,2.3091,1,link_3,76.0,5.0,1.0,video,0.0
2024-01-01 11:13:00,CELL_015,72.8,6.45,997.07,55,-99.2,-8.54,0.112,1,link_4,39.0,1.0,1.0,voip,0.0
2024-01-01 11:14:00,CELL_010,86.8,6.767,772.96,46,-72.6,-19.94,0.0334,1,link_5,11.0,2.0,1.0,file_transfer,0.0
2024-01-01 11:15:00,CELL_019,69.5,5.716,1127.54,5,-83.7,-13.54,0.3406,1,link_6,19.0,3.0,1.0,http,0.0
2024-01-01 11:16:00,CELL_017,44.6,9.554,781.17,48,-97.7,-6.65,0.3019,1,link_7,55.0,4.0,1.0,video,0.0
2024-01-01 11:17:00,CELL_005,66.9,8.664,873.4,57,-83.2,-9.09,0.4513,1,link_8,86.0,5.0,1.0,voip,0.0
2024-01-01 11:18:00,CELL_004,65.7,2.022,291.13,9,-109.8,-3.44,0.1282,0,link_9,83.0,1.0,0.0,file_transfer,0.0
2024-01-01 11:19:00,CELL_010,53.1,29.608,47.15,166,-94.6,-10.04,0.5487,1,link_10,50.0,2.0,1.0,http,0.0
2024-01-01 11:20:00,CELL_017,71.3,5.416,879.22,44,-71.6,-16.05,1.153,1,link_1,69.0,4.0,1.0,http,0.0
2024-01-01 11:21:00,CELL_010,62.9,6.88,709.96,54,-77.6,-14.87,2.7802,0,link_2,89.0,5.0,1.0,video,0.0
2024-01-01 11:22:00,CELL_017,65.9,7.636,690.9,48,-86.6,-3.57,0.1173,1,link_3,73.0,1.0,1.0,voip,0.0
2024-01-01 11:23:00,CELL_020,70.3,6.087,918.69,10,-95.2,-4.18,0.0702,1,link_4,35.0,2.0,1.0,file_transfer,0.0
2024-01-01 11:24:00,CELL_005,72.1,10.025,784.27,49,-115.2,-16.48,0.379,1,link_5,10.0,3.0,1.0,http,0.0
2024-01-01 11:25:00,CELL_002,38.4,2.024,205.28,8,-87.7,-9.26,0.0174,1,link_6,22.0,4.0,1.0,video,0.0
2024-01-01 11:26:00,CELL_006,91.7,3.515,1180.86,8,-96.9,-10.74,0.4938,1,link_7,59.0,5.0,1.0,voip,0.0
2024-01-01 11:27:00,CELL_002,77.7,8.204,944.63,46,-97.4,-19.63,1.9585,1,link_8,87.0,1.0,0.0,file_transfer,0.0
2024-01-01 11:28:00,CELL_013,74.9,4.471,1252.09,8,-82.3,-3.47,0.2218,1,link_9,81.0,2.0,1.0,http,0.0
2024-01-01 11:29:00,CELL_011,83.4,5.51,1324.52,7,-71.1,-3.11,0.1455,1,link_10,46.0,3.0,1.0,video,0.0
2024-01-01 11:30:00,CELL_011,28.1,32.801,19.81,190,-71.3,-8.18,0.3029,1,link_1,73.0,5.0,1.0,video,0.0
2024-01-01 11:31:00,CELL_016,71.5,11.726,815.33,55,-71.3,-18.54,0.6687,1,link_2,89.0,1.0,1.0,voip,0.0
2024-01-01 11:32:00,CELL_011,49.6,1.215,232.6,12,-87.8,-16.93,0.2526,0,link_3,70.0,2.0,1.0,file_transfer,0.0
2024-01-01 11:33:00,CELL_019,31.8,29.034,55.41,203,-99.6,-4.77,0.4748,1,link_4,31.0,3.0,1.0,http,0.0
2024-01-01 11:34:00,CELL_015,91.5,2.978,990.63,10,-112.9,-14.75,0.3055,1,link_5,10.0,4.0,1.0,video,0.0
2024-01-01 11:35:00,CELL_016,69.7,8.333,855.2,39,-77.0,-13.42,0.0309,1,link_6,25.0,5.0,1.0,voip,0.0
2024-01-01 11:36:00,CELL_011,49.4,31.63,39.71,193,-92.1,-8.33,0.2633,1,link_7,63.0,1.0,0.0,file_transfer,0.0
2024-01-01 11:37:00,CELL_016,66.1,9.831,686.78,48,-98.5,-13.05,0.6398,1,link_8,88.0,2.0,1.0,http,0.0
2024-01-01 11:38:00,CELL_008,79.2,9.791,716.82,41,-90.3,-14.35,0.8626,1,link_9,78.0,3.0,1.0,video,0.0
2024-01-01 11:39:00,CELL_004,67.9,2.029,327.95,10,-72.7,-14.17,0.0079,1,link_10,42.0,4.0,1.0,voip,0.0
2024-01-01 11:40:00,CELL_008,38.0,15.855,60.9,195,-78.6,-6.83,1.9649,1,link_1,76.0,1.0,1.0,voip,0.0
2024-01-01 11:41:00,CELL_004,61.0,2.263,275.59,11,-105.3,-10.02,0.1942,0,link_2,89.0,2.0,1.0,file_transfer,0.0
2024-01-01 11:42:00,CELL_003,50.9,1.344,316.56,11,-90.4,-17.64,0.0863,1,link_3,66.0,3.0,1.0,http,0.0
2024-01-01 11:43:00,CELL_003,80.0,4.543,1389.78,7,-113.3,-12.82,0.0346,1,link_4,28.0,4.0,1.0,video,0.0
2024-01-01 11:44:00,CELL_018,92.4,7.637,791.46,53,-85.9,-13.46,0.2321,1,link_5,10.0,5.0,1.0,voip,0.0
2024-01-01 11:45:00,CELL_019,61.4,1.669,224.01,13,-100.6,-9.68,0.0067,1,link_6,28.0,1.0,0.0,file_transfer,0.0
2024-01-01 11:46:00,CELL_019,62.5,12.348,929.57,36,-103.1,-15.65,2.2138,0,link_7,66.0,2.0,1.0,http,0.0
2024-01-01 11:47:00,CELL_005,56.5,8.876,770.55,39,-100.2,-4.87,0.4029,1,link_8,89.0,3.0,1.0,video,0.0
2024-01-01 11:48:00,CELL_018,54.6,1.915,120.82,9,-104.6,-10.25,0.0146,1,link_9,76.0,4.0,1.0,voip,0.0
2024-01-01 11:49:00,CELL_010,73.3,2.899,1195.02,5,-94.6,-11.46,0.0644,1,link_10,38.0,5.0,1.0,file_transfer,0.0
2024-01-01 11:50:00,CELL_006,51.9,1.969,177.74,11,-117.9,-8.51,0.0533,1,link_1,79.0,2.0,1.0,file_transfer,0.0
2024-01-01 11:51:00,CELL_001,37.9,10.433,22.06,190,-102.6,-7.46,1.2864,1,link_2,88.0,3.0,1.0,http,0.0
2024-01-01 11:52:00,CELL_005,56.3,9.667,688.51,40,-71.9,-17.37,0.2202,1,link_3,62.0,4.0,1.0,video,0.0
2024-01-01 11:53:00,CELL_009,81.9,8.2,692.48,39,-74.1,-3.33,0.2373,1,link_4,24.0,5.0,1.0,voip,0.0
2024-01-01 11:54:00,CELL_012,65.5,1.322,368.08,10,-90.9,-5.03,0.0299,1,link_5,10.0,1.0,0.0,file_transfer,0.0
2024-01-01 11:55:00,CELL_014,65.5,7.231,798.19,40,-93.3,-3.78,0.7398,1,link_6,32.0,2.0,1.0,http,0.0
2024-01-01 11:56:00,CELL_002,69.1,7.911,794.58,61,-87.3,-18.68,1.6421,1,link_7,70.0,3.0,1.0,video,0.0
2024-01-01 11:57:00,CELL_017,49.4,1.791,183.87,11,-94.4,-12.54,0.1583,0,link_8,89.0,4.0,1.0,voip,0.0
2024-01-01 11:58:00,CELL_014,63.4,7.45,731.17,45,-83.1,-7.25,0.1864,1,link_9,72.0,5.0,1.0,file_transfer,0.0
2024-01-01 11:59:00,CELL_013,82.1,11.205,828.48,50,-96.1,-18.94,0.046,1,link_10,34.0,1.0,1.0,http,0.0
2024-01-01 12:00:00,CELL_009,57.2,1.884,209.36,9,-100.2,-3.35,0.0096,1,link_1,81.0,3.0,1.0,http,0.0
2024-01-01 12:01:00,CELL_015,63.8,1.473,234.36,8,-73.6,-15.52,0.0632,1,link_2,87.0,4.0,1.0,video,0.0
2024-01-01 12:02:00,CELL_015,93.2,3.12,1320.93,6,-108.8,-16.42,0.1942,1,link_3,58.0,5.0,1.0,voip,0.0
2024-01-01 12:03:00,CELL_011,55.6,2.048,293.39,10,-98.5,-19.68,0.0469,1,link_4,22.0,1.0,0.0,file_transfer,0.0
2024-01-01 12:04:00,CELL_016,50.6,1.809,266.23,21,-90.3,-4.49,0.0215,1,link_5,10.0,2.0,1.0,http,0.0
2024-01-01 12:05:00,CELL_017,77.4,2.994,1266.81,4,-90.4,-7.06,0.0353,1,link_6,35.0,3.0,1.0,video,0.0
2024-01-01 12:06:00,CELL_004,26.4,10.545,57.63,227,-96.6,-9.2,0.1239,1,link_7,73.0,4.0,1.0,voip,0.0
2024-01-01 12:07:00,CELL_001,80.1,8.815,830.81,53,-101.1,-3.1,0.9729,1,link_8,89.0,5.0,1.0,file_transfer,0.0
2024-01-01 12:08:00,CELL_008,65.0,8.025,831.81,48,-86.7,-10.97,0.92,1,link_9,69.0,1.0,1.0,http,0.0
2024-01-01 12:09:00,CELL_017,58.1,1.615,353.14,15,-116.3,-10.74,0.1999,0,link_10,31.0,2.0,1.0,video,0.0
2024-01-01 12:10:00,CELL_003,56.9,1.859,312.81,13,-86.6,-8.37,0.0646,1,link_1,84.0,4.0,1.0,video,0.0
2024-01-01 12:11:00,CELL_020,22.2,21.573,41.75,186,-99.5,-16.04,0.2201,1,link_2,86.0,5.0,1.0,voip,0.0
2024-01-01 12:12:00,CELL_015,41.0,6.262,53.65,211,-72.5,-18.18,0.901,1,link_3,54.0,1.0,0.0,file_transfer,0.0
2024-01-01 12:13:00,CELL_015,60.6,1.045,349.37,13,-96.0,-17.48,0.0281,1,link_4,19.0,2.0,1.0,http,0.0
2024-01-01 12:14:00,CELL_014,64.7,4.081,1513.71,6,-80.1,-17.24,0.1228,1,link_5,11.0,3.0,1.0,video,0.0
2024-01-01 12:15:00,CELL_014,74.1,1.845,145.51,14,-93.5,-16.35,0.0182,1,link_6,39.0,4.0,1.0,voip,0.0
2024-01-01 12:16:00,CELL_002,38.0,6.601,828.55,43,-87.7,-18.03,0.6868,1,link_7,76.0,5.0,1.0,file_transfer,0.0
2024-01-01 12:17:00,CELL_013,28.2,27.135,38.06,197,-86.5,-15.9,0.9484,1,link_8,89.0,1.0,1.0,http,0.0
2024-01-01 12:18:00,CELL_014,58.1,7.228,700.38,48,-81.5,-12.52,0.7475,1,link_9,65.0,2.0,1.0,video,0.0
2024-01-01 12:19:00,CELL_019,54.8,20.881,56.07,185,-80.0,-17.32,3.562,1,link_10,27.0,3.0,1.0,voip,0.0
2024-01-01 12:20:00,CELL_007,91.6,5.344,1006.14,7,-84.3,-4.2,0.1788,1,link_1,85.0,5.0,1.0,voip,0.0
2024-01-01 12:21:00,CELL_003,68.2,2.039,266.37,9,-86.8,-18.24,0.0131,1,link_2,84.0,1.0,0.0,file_transfer,0.0
2024-01-01 12:22:00,CELL_015,54.3,1.362,239.0,17,-105.0,-6.29,0.0079,1,link_3,50.0,2.0,1.0,http,0.0
2024-01-01 12:23:00,CELL_014,56.3,2.376,241.38,12,-110.5,-5.27,0.0161,1,link_4,16.0,3.0,1.0,video,0.0
2024-01-01 12:24:00,CELL_011,50.5,9.957,713.92,44,-90.5,-19.2,0.4774,1,link_5,13.0,4.0,1.0,voip,0.0
2024-01-01 12:25:00,CELL_015,64.8,5.364,851.31,36,-115.0,-14.94,0.0156,1,link_6,43.0,5.0,1.0,file_transfer,0.0
2024-01-01 12:26:00,CELL_013,55.7,2.274,217.67,11,-86.3,-7.89,0.0087,1,link_7,79.0,1.0,1.0,http,0.0
2024-01-01 12:27:00,CELL_018,47.0,13.255,40.38,195,-87.8,-8.32,0.905,1,link_8,88.0,2.0,1.0,video,0.0
2024-01-01 12:28:00,CELL_006,55.2,1.675,304.38,11,-101.9,-5.39,0.0926,1,link_9,62.0,3.0,1.0,voip,0.0
2024-01-01 12:29:00,CELL_003,79.3,7.646,983.6,47,-112.6,-16.81,1.7641,1,link_10,24.0,4.0,1.0,file_transfer,0.0
2024-01-01 12:30:00,CELL_019,57.4,2.084,205.93,13,-79.8,-5.28,0.1739,0,link_1,87.0,1.0,0.0,file_transfer,0.0
2024-01-01 12:31:00,CELL_015,46.4,10.439,41.8,192,-78.0,-3.99,1.2688,1,link_2,81.0,2.0,1.0,http,0.0
2024-01-01 12:32:00,CELL_005,54.7,2.251,217.95,14,-107.5,-12.58,0.0836,1,link_3,46.0,3.0,1.0,video,0.0
2024-01-01 12:33:00,CELL_010,58.5,1.362,281.21,10,-80.2,-13.16,0.0723,1,link_4,14.0,4.0,1.0,voip,0.0
2024-01-01 12:34:00,CELL_007,29.1,26.54,52.58,206,-90.7,-5.15,0.025,1,link_5,14.0,5.0,1.0,file_transfer,0.0
2024-01-01 12:35:00,CELL_017,46.5,2.245,249.57,9,-106.5,-13.24,0.0989,1,link_6,47.0,1.0,1.0,http,0.0
2024-01-01 12:36:00,CELL_007,49.3,1.39,373.81,10,-117.8,-10.54,0.1149,0,link_7,82.0,2.0,1.0,video,0.0
2024-01-01 12:37:00,CELL_012,46.7,22.475,45.1,221,-113.6,-10.31,1.1526,1,link_8,87.0,3.0,1.0,voip,0.0
2024-01-01 12:38:00,CELL_017,84.0,5.461,1215.61,55,-88.6,-9.12,1.0556,1,link_9,58.0,4.0,1.0,file_transfer,0.0
2024-01-01 12:39:00,CELL_013,83.3,3.269,617.69,7,-99.4,-4.25,0.0068,1,link_10,21.0,5.0,1.0,http,0.0
2024-01-01 12:40:00,CELL_020,86.9,8.031,725.58,45,-112.0,-15.32,0.1804,1,link_1,88.0,2.0,1.0,http,0.0
2024-01-01 12:41:00,CELL_004,86.1,4.88,805.14,49,-111.1,-17.06,0.9291,1,link_2,79.0,3.0,1.0,video,0.0
2024-01-01 12:42:00,CELL_010,38.3,41.174,61.57,178,-101.6,-5.31,0.2323,1,link_3,43.0,4.0,1.0,voip,0.0
2024-01-01 12:43:00,CELL_003,66.6,8.378,826.89,47,-70.0,-5.57,0.3577,1,link_4,13.0,5.0,1.0,file_transfer,0.0
2024-01-01 12:44:00,CELL_009,40.2,20.017,33.13,198,-114.5,-8.37,0.4523,1,link_5,17.0,1.0,1.0,http,0.0
2024-01-01 12:45:00,CELL_013,26.2,28.313,51.16,214,-80.2,-12.37,1.2528,1,link_6,51.0,2.0,1.0,video,0.0
2024-01-01 12:46:00,CELL_018,47.0,16.851,47.38,195,-96.5,-15.05,0.3695,1,link_7,84.0,3.0,1.0,voip,0.0
2024-01-01 12:47:00,CELL_015,74.1,2.014,1108.6,6,-94.3,-11.14,0.5376,0,link_8,85.0,4.0,1.0,file_transfer,0.0
2024-01-01 12:48:00,CELL_004,81.6,8.836,826.31,39,-81.9,-9.09,0.1697,1,link_9,54.0,5.0,1.0,http,0.0
2024-01-01 12:49:00,CELL_015,39.7,25.709,61.1,195,-116.1,-4.5,0.4348,1,link_10,18.0,1.0,1.0,video,0.0
2024-01-01 12:50:00,CELL_002,69.6,5.985,736.08,43,-94.2,-17.44,0.1646,1,link_1,89.0,3.0,1.0,video,0.0
2024-01-01 12:51:00,CELL_015,53.8,1.826,264.24,12,-106.6,-12.52,0.0659,1,link_2,76.0,4.0,1.0,voip,0.0
2024-01-01 12:52:00,CELL_008,42.0,22.65,67.44,184,-73.3,-5.86,0.5495,1,link_3,39.0,5.0,1.0,file_transfer,0.0
2024-01-01 12:53:00,CELL_008,89.9,8.982,716.62,42,-101.4,-13.43,0.15,1,link_4,11.0,1.0,1.0,http,0.0
2024-01-01 12:54:00,CELL_017,55.8,2.068,157.78,11,-117.4,-3.13,0.0323,1,link_5,19.0,2.0,1.0,video,0.0
2024-01-01 12:55:00,CELL_012,55.1,1.622,193.5,14,-76.5,-9.37,0.039,1,link_6,55.0,3.0,1.0,voip,0.0
2024-01-01 12:56:00,CELL_019,54.7,2.193,417.15,9,-91.1,-7.38,0.0202,1,link_7,86.0,4.0,1.0,file_transfer,0.0
2024-01-01 12:57:00,CELL_010,70.1,3.725,1004.76,7,-91.9,-19.9,0.1686,1,link_8,83.0,5.0,1.0,http,0.0
2024-01-01 12:58:00,CELL_009,69.1,9.824,712.25,42,-71.6,-9.93,0.0694,1,link_9,50.0,1.0,1.0,video,0.0
2024-01-01 12:59:00,CELL_005,65.4,2.159,228.64,13,-118.3,-6.43,0.0078,1,link_10,16.0,2.0,1.0,voip,0.0
2024-01-01 13:00:00,CELL_006,19.0,26.712,39.06,221,-116.4,-8.21,0.1636,1,link_1,89.0,4.0,1.0,voip,0.0
2024-01-01 13:01:00,CELL_020,54.0,2.76,245.56,15,-92.5,-14.75,0.1057,0,link_2,73.0,5.0,1.0,file_transfer,0.0
2024-01-01 13:02:00,CELL_002,63.4,8.871,1170.46,46,-116.3,-17.97,0.1373,1,link_3,35.0,1.0,1.0,http,0.0
2024-01-01 13:03:00,CELL_013,45.1,1.848,163.43,8,-88.6,-12.28,0.1769,0,link_4,10.0,2.0,1.0,video,0.0
2024-01-01 13:04:00,CELL_006,54.2,10.388,788.74,39,-78.2,-18.91,0.5689,1,link_5,22.0,3.0,1.0,voip,0.0
2024-01-01 13:05:00,CELL_005,63.5,8.717,707.55,45,-78.7,-7.63,0.349,1,link_6,59.0,4.0,1.0,file_transfer,0.0
2024-01-01 13:06:00,CELL_001,33.7,22.356,61.2,201,-117.0,-9.73,3.0348,1,link_7,87.0,5.0,1.0,http,0.0
2024-01-01 13:07:00,CELL_006,59.2,1.801,229.41,9,-74.8,-11.24,0.0026,1,link_8,81.0,1.0,1.0,video,0.0
2024-01-01 13:08:00,CELL_006,65.7,4.697,1100.31,9,-93.1,-8.13,0.0111,1,link_9,46.0,2.0,1.0,voip,0.0
2024-01-01 13:09:00,CELL_016,36.6,29.398,13.25,202,-116.4,-17.35,1.9053,1,link_10,14.0,3.0,1.0,file_transfer,0.0
2024-01-01 13:10:00,CELL_004,49.3,1.563,242.1,13,-73.1,-14.71,0.0205,1,link_1,89.0,5.0,1.0,file_transfer,0.0
2024-01-01 13:11:00,CELL_011,72.4,6.422,1112.29,44,-100.6,-4.59,0.0368,1,link_2,70.0,1.0,1.0,http,0.0
2024-01-01 13:12:00,CELL_009,43.5,2.265,253.14,9,-93.1,-10.44,0.0136,1,link_3,31.0,2.0,1.0,video,0.0
2024-01-01 13:13:00,CELL_003,81.7,7.874,666.87,44,-75.0,-9.77,0.1167,1,link_4,10.0,3.0,1.0,voip,0.0
2024-01-01 13:14:00,CELL_019,58.6,4.185,1217.9,4,-82.3,-19.92,0.6048,0,link_5,25.0,4.0,1.0,file_transfer,0.0
2024-01-01 13:15:00,CELL_008,48.6,8.584,777.97,41,-115.1,-11.86,0.2366,1,link_6,63.0,5.0,1.0,http,0.0
2024-01-01 13:16:00,CELL_005,79.5,9.845,830.49,35,-89.1,-9.79,0.5507,1,link_7,88.0,1.0,1.0,video,0.0
2024-01-01 13:17:00,CELL_004,50.0,1.573,247.03,8,-73.6,-8.65,0.1498,0,link_8,78.0,2.0,1.0,voip,0.0
2024-01-01 13:18:00,CELL_006,78.7,6.769,1027.57,35,-103.4,-15.58,0.2565,1,link_9,42.0,3.0,1.0,file_transfer,0.0
2024-01-01 13:19:00,CELL_002,65.4,8.258,914.31,52,-93.7,-8.51,0.4879,1,link_10,12.0,4.0,1.0,http,0.0
2024-01-01 13:20:00,CELL_020,48.3,2.334,199.45,9,-102.7,-6.29,0.0424,1,link_1,89.0,1.0,1.0,http,0.0
2024-01-01 13:21:00,CELL_011,89.3,8.446,1029.03,46,-96.2,-14.29,0.3199,1,link_2,66.0,2.0,1.0,video,0.0
2024-01-01 13:22:00,CELL_004,75.5,11.46,953.82,48,-79.5,-9.9,0.2397,1,link_3,28.0,3.0,1.0,voip,0.0
2024-01-01 13:23:00,CELL_015,77.3,8.456,725.52,51,-98.7,-3.96,0.7452,1,link_4,10.0,4.0,1.0,file_transfer,0.0
2024-01-01 13:24:00,CELL_006,31.8,25.101,79.3,182,-101.2,-10.81,1.1743,1,link_5,28.0,5.0,1.0,http,0.0
2024-01-01 13:25:00,CELL_017,49.2,1.507,179.11,21,-90.1,-11.03,0.0752,1,link_6,66.0,1.0,1.0,video,0.0
2024-01-01 13:26:00,CELL_006,45.1,1.443,188.52,14,-98.0,-13.88,0.0434,1,link_7,89.0,2.0,1.0,voip,0.0
2024-01-01 13:27:00,CELL_019,72.1,1.627,265.14,10,-96.4,-15.25,0.1655,0,link_8,76.0,3.0,1.0,file_transfer,0.0
2024-01-01 13:28:00,CELL_002,81.0,10.068,941.36,43,-79.2,-16.45,0.1644,1,link_9,38.0,4.0,1.0,http,0.0
2024-01-01 13:29:00,CELL_015,67.6,5.729,1058.79,10,-107.0,-18.24,0.1647,1,link_10,11.0,5.0,1.0,video,0.0
2024-01-01 13:30:00,CELL_011,93.0,8.551,727.2,44,-116.0,-18.97,0.1264,1,link_1,88.0,2.0,1.0,video,0.0
2024-01-01 13:31:00,CELL_008,54.3,1.586,283.34,12,-78.1,-15.59,0.0685,1,link_2,62.0,3.0,1.0,voip,0.0
2024-01-01 13:32:00,CELL_019,42.1,15.568,59.93,188,-115.0,-10.58,0.287,1,link_3,24.0,4.0,1.0,file_transfer,0.0
2024-01-01 13:33:00,CELL_013,28.2,16.163,49.92,207,-80.5,-12.95,0.7534,1,link_4,10.0,5.0,1.0,http,0.0
2024-01-01 13:34:00,CELL_012,60.8,8.762,746.49,51,-76.8,-13.26,2.1261,0,link_5,32.0,1.0,1.0,video,0.0
2024-01-01 13:35:00,CELL_005,52.3,9.399,889.55,48,-98.2,-3.65,0.2731,1,link_6,70.0,2.0,1.0,voip,0.0
2024-01-01 13:36:00,CELL_006,35.3,12.865,24.91,197,-85.2,-7.98,1.2718,1,link_7,89.0,3.0,1.0,file_transfer,0.0
2024-01-01 13:37:00,CELL_004,64.6,5.937,936.65,43,-99.3,-6.11,1.233,1,link_8,72.0,4.0,1.0,http,0.0
2024-01-01 13:38:00,CELL_019,43.9,12.157,67.1,197,-73.3,-17.66,0.2826,1,link_9,34.0,5.0,1.0,video,0.0
2024-01-01 13:39:00,CELL_020,19.8,34.737,47.21,198,-104.8,-9.81,0.6176,1,link_10,10.0,1.0,1.0,voip,0.0
2024-01-01 13:40:00,CELL_001,41.6,22.107,13.93,195,-70.3,-7.14,0.5627,1,link_1,87.0,3.0,1.0,voip,0.0
2024-01-01 13:41:00,CELL_020,92.1,6.676,753.51,40,-98.9,-12.81,0.4051,1,link_2,58.0,4.0,1.0,file_transfer,0.0
2024-01-01 13:42:00,CELL_017,30.2,28.902,54.5,202,-115.5,-5.39,0.1195,1,link_3,22.0,5.0,1.0,http,0.0
2024-01-01 13:43:00,CELL_012,53.7,1.7,273.61,14,-113.6,-5.04,0.0048,1,link_4,10.0,1.0,1.0,video,0.0
2024-01-01 13:44:00,CELL_015,41.0,23.986,33.69,206,-104.5,-7.34,0.9044,1,link_5,35.0,2.0,1.0,voip,0.0
2024-01-01 13:45:00,CELL_001,87.8,7.915,947.27,47,-72.1,-9.98,0.2087,1,link_6,73.0,3.0,1.0,file_transfer,0.0
2024-01-01 13:46:00,CELL_014,84.4,7.542,970.19,39,-75.3,-17.93,0.3724,1,link_7,89.0,4.0,1.0,http,0.0
2024-01-01 13:47:00,CELL_006,78.7,5.894,784.44,43,-88.2,-8.27,0.4655,1,link_8,69.0,5.0,1.0,video,0.0
2024-01-01 13:48:00,CELL_005,73.5,12.226,939.52,39,-75.1,-4.82,0.0847,1,link_9,31.0,1.0,1.0,voip,0.0
2024-01-01 13:49:00,CELL_011,53.2,1.87,261.8,10,-104.1,-14.57,0.0296,1,link_10,10.0,2.0,1.0,file_transfer,0.0
2024-01-01 13:50:00,CELL_004,76.9,2.424,1206.05,7,-70.1,-18.29,0.0665,1,link_1,86.0,4.0,1.0,file_transfer,0.0
2024-01-01 13:51:00,CELL_013,72.9,8.323,758.06,48,-115.5,-13.07,0.5542,1,link_2,54.0,5.0,1.0,http,0.0
2024-01-01 13:52:00,CELL_011,23.4,25.684,45.88,201,-113.7,-9.65,1.5401,1,link_3,19.0,1.0,1.0,video,0.0
2024-01-01 13:53:00,CELL_003,79.9,5.423,799.85,47,-119.0,-14.94,0.6495,1,link_4,11.0,2.0,1.0,voip,0.0
2024-01-01 13:54:00,CELL_001,74.1,8.363,702.37,44,-112.7,-6.54,0.0675,1,link_5,39.0,3.0,1.0,file_transfer,0.0
2024-01-01 13:55:00,CELL_006,69.9,11.554,969.35,38,-113.0,-18.56,0.6088,1,link_6,76.0,4.0,1.0,http,0.0
2024-01-01 13:56:00,CELL_018,71.3,5.043,771.52,45,-75.9,-8.6,0.5137,1,link_7,89.0,5.0,1.0,video,0.0
2024-01-01 13:57:00,CELL_010,80.4,3.594,1435.33,8,-85.7,-11.72,0.0364,1,link_8,65.0,1.0,1.0,voip,0.0
2024-01-01 13:58:00,CELL_005,60.3,9.614,888.99,40,-101.3,-5.45,0.131,1,link_9,27.0,2.0,1.0,file_transfer,0.0
2024-01-01 13:59:00,CELL_010,55.0,2.016,177.55,9,-79.9,-10.94,0.035,1,link_10,10.0,3.0,1.0,http,0.0
2024-01-01 14:00:00,CELL_012,45.3,0.883,297.68,8,-111.9,-13.66,0.0474,1,link_1,84.0,5.0,1.0,http,0.0
2024-01-01 14:01:00,CELL_002,82.0,4.348,933.61,6,-111.6,-17.88,0.1076,1,link_2,50.0,1.0,1.0,video,0.0
2024-01-01 14:02:00,CELL_013,61.7,11.529,817.53,42,-75.1,-18.65,0.4988,1,link_3,16.0,2.0,1.0,voip,0.0
2024-01-01 14:03:00,CELL_008,52.8,10.958,689.57,67,-75.8,-8.54,0.4098,1,link_4,13.0,3.0,1.0,file_transfer,0.0
2024-01-01 14:04:00,CELL_002,87.2,7.475,680.25,47,-74.4,-13.42,0.8479,1,link_5,43.0,4.0,1.0,http,0.0
2024-01-01 14:05:00,CELL_020,50.3,1.345,236.95,9,-78.6,-13.02,0.1139,0,link_6,79.0,5.0,1.0,video,0.0
2024-01-01 14:06:00,CELL_001,67.3,11.602,676.85,40,-101.7,-8.74,0.5946,1,link_7,88.0,1.0,1.0,voip,0.0
2024-01-01 14:07:00,CELL_005,22.0,14.95,50.81,192,-70.3,-17.49,1.587,1,link_8,62.0,2.0,1.0,file_transfer,0.0
2024-01-01 14:08:00,CELL_009,60.7,1.89,306.08,17,-82.2,-10.67,0.0581,1,link_9,24.0,3.0,1.0,http,0.0
2024-01-01 14:09:00,CELL_017,41.0,1.783,222.49,12,-86.2,-4.21,0.0597,1,link_10,10.0,4.0,1.0,video,0.0
2024-01-01 14:10:00,CELL_009,46.9,1.384,232.01,15,-94.3,-6.97,0.0035,1,link_1,81.0,1.0,1.0,video,0.0
2024-01-01 14:11:00,CELL_011,72.8,7.838,961.68,41,-93.3,-13.3,1.7939,1,link_2,46.0,2.0,1.0,voip,0.0
2024-01-01 14:12:00,CELL_015,58.4,1.618,212.86,15,-93.5,-9.64,0.0099,1,link_3,14.0,3.0,1.0,file_transfer,0.0
2024-01-01 14:13:00,CELL_006,87.2,5.993,1197.43,5,-119.3,-4.69,0.2168,1,link_4,14.0,4.0,1.0,http,0.0
2024-01-01 14:14:00,CELL_003,44.5,22.611,59.58,183,-87.9,-17.77,0.0477,1,link_5,47.0,5.0,1.0,video,0.0
2024-01-01 14:15:00,CELL_017,41.0,29.159,38.64,187,-88.7,-3.15,0.8316,1,link_6,82.0,1.0,1.0,voip,0.0
2024-01-01 14:16:00,CELL_005,31.8,32.27,48.25,197,-98.8,-10.69,0.928,1,link_7,87.0,2.0,1.0,file_transfer,0.0
2024-01-01 14:17:00,CELL_012,68.1,6.498,794.91,50,-99.7,-12.6,0.4678,1,link_8,58.0,3.0,1.0,http,0.0
2024-01-01 14:18:00,CELL_018,91.6,9.174,883.88,55,-104.1,-15.56,0.6649,1,link_9,21.0,4.0,1.0,video,0.0
2024-01-01 14:19:00,CELL_014,46.3,8.925,785.07,50,-73.5,-18.88,0.9651,1,link_10,10.0,5.0,1.0,voip,0.0
2024-01-01 14:20:00,CELL_011,60.2,11.441,735.06,43,-110.4,-3.61,1.4858,1,link_1,79.0,2.0,1.0,voip,0.0
2024-01-01 14:21:00,CELL_009,62.2,6.357,692.39,42,-72.4,-8.12,2.2375,0,link_2,43.0,3.0,1.0,file_transfer,0.0
2024-01-01 14:22:00,CELL_002,45.4,2.119,298.39,9,-87.0,-20.0,0.0031,1,link_3,13.0,4.0,1.0,http,0.0
2024-01-01 14:23:00,CELL_012,49.7,1.745,143.61,8,-112.1,-9.33,0.0919,1,link_4,17.0,5.0,1.0,video,0.0
2024-01-01 14:24:00,CELL_003,31.8,25.587,39.35,184,-96.8,-6.03,0.114,1,link_5,51.0,1.0,1.0,voip,0.0
2024-01-01 14:25:00,CELL_003,19.1,16.722,20.1,182,-107.6,-11.13,0.4388,1,link_6,84.0,2.0,1.0,file_transfer,0.0
2024-01-01 14:26:00,CELL_001,100.0,4.113,1188.92,4,-71.1,-18.29,0.17,1,link_7,85.0,3.0,1.0,http,0.0
2024-01-01 14:27:00,CELL_008,71.4,9.316,755.71,50,-118.6,-4.84,0.2387,1,link_8,54.0,4.0,1.0,video,0.0
2024-01-01 14:28:00,CELL_008,73.6,9.158,753.56,36,-103.7,-5.5,0.0281,1,link_9,18.0,5.0,1.0,voip,0.0
2024-01-01 14:29:00,CELL_011,54.7,0.912,340.67,7,-83.0,-18.73,0.0393,1,link_10,12.0,1.0,1.0,file_transfer,0.0
2024-01-01 14:30:00,CELL_009,46.9,7.962,647.41,48,-108.2,-19.02,0.1691,1,link_1,76.0,3.0,1.0,file_transfer,0.0
2024-01-01 14:31:00,CELL_005,78.0,11.117,984.42,43,-94.9,-9.01,0.2076,1,link_2,39.0,4.0,1.0,http,0.0
2024-01-01 14:32:00,CELL_014,78.1,10.037,1008.52,44,-107.3,-18.23,0.0292,1,link_3,11.0,5.0,1.0,video,0.0
2024-01-01 14:33:00,CELL_003,48.4,9.389,862.58,43,-110.4,-7.04,1.8187,1,link_4,19.0,1.0,1.0,voip,0.0
2024-01-01 14:34:00,CELL_005,45.5,2.354,412.23,14,-115.7,-16.84,0.0221,1,link_5,55.0,2.0,1.0,file_transfer,0.0
2024-01-01 14:35:00,CELL_005,47.4,2.037,197.96,15,-83.0,-19.03,0.0261,1,link_6,86.0,3.0,1.0,http,0.0
2024-01-01 14:36:00,CELL_019,72.7,2.175,194.69,9,-89.5,-4.34,0.0424,1,link_7,83.0,4.0,1.0,video,0.0
2024-01-01 14:37:00,CELL_014,48.7,1.472,231.97,15,-85.2,-6.61,0.036,1,link_8,50.0,5.0,1.0,voip,0.0
2024-01-01 14:38:00,CELL_004,55.5,7.298,590.43,51,-115.2,-4.79,0.0068,1,link_9,16.0,1.0,1.0,file_transfer,0.0
2024-01-01 14:39:00,CELL_013,88.2,10.868,676.22,52,-75.7,-18.72,0.0304,1,link_10,13.0,2.0,1.0,http,0.0
2024-01-01 14:40:00,CELL_010,78.8,10.043,764.79,35,-99.8,-19.29,0.4709,1,link_1,73.0,4.0,1.0,http,0.0
2024-01-01 14:41:00,CELL_018,80.0,6.024,930.78,46,-106.4,-10.84,0.2194,1,link_2,35.0,5.0,1.0,video,0.0
2024-01-01 14:42:00,CELL_008,34.3,21.798,50.39,178,-73.2,-13.33,0.0858,1,link_3,10.0,1.0,1.0,voip,0.0
2024-01-01 14:43:00,CELL_008,26.6,4.604,29.52,221,-85.9,-8.03,0.3951,1,link_4,22.0,2.0,1.0,file_transfer,0.0
2024-01-01 14:44:00,CELL_007,34.8,2.307,372.32,6,-107.4,-17.94,0.0427,1,link_5,59.0,3.0,1.0,http,0.0
2024-01-01 14:45:00,CELL_008,76.1,6.837,670.87,47,-104.0,-15.18,0.4605,1,link_6,87.0,4.0,1.0,video,0.0
2024-01-01 14:46:00,CELL_014,55.9,2.23,235.98,13,-94.0,-6.12,0.0207,1,link_7,81.0,5.0,1.0,voip,0.0
2024-01-01 14:47:00,CELL_019,59.6,1.628,156.31,16,-111.0,-16.67,0.0458,1,link_8,46.0,1.0,1.0,file_transfer,0.0
2024-01-01 14:48:00,CELL_006,43.6,1.567,257.29,11,-78.7,-5.55,0.0415,1,link_9,14.0,2.0,1.0,http,0.0
2024-01-01 14:49:00,CELL_001,46.4,1.501,178.56,6,-98.8,-7.17,0.0872,1,link_10,15.0,3.0,1.0,video,0.0
2024-01-01 14:50:00,CELL_015,44.9,2.439,265.17,9,-83.0,-8.58,0.0199,1,link_1,70.0,5.0,1.0,video,0.0
2024-01-01 14:51:00,CELL_001,46.0,1.546,233.48,13,-92.9,-4.9,0.036,1,link_2,31.0,1.0,1.0,voip,0.0
2024-01-01 14:52:00,CELL_017,34.1,31.644,65.88,206,-80.3,-12.76,1.092,1,link_3,10.0,2.0,1.0,file_transfer,0.0
2024-01-01 14:53:00,CELL_001,82.2,7.157,770.37,40,-95.7,-13.06,0.1482,1,link_4,25.0,3.0,1.0,http,0.0
2024-01-01 14:54:00,CELL_015,35.9,21.208,40.9,219,-103.5,-7.95,0.0346,1,link_5,63.0,4.0,1.0,video,0.0
2024-01-01 14:55:00,CELL_002,78.2,6.087,982.33,59,-83.5,-9.37,0.0635,1,link_6,88.0,5.0,1.0,voip,0.0
2024-01-01 14:56:00,CELL_014,56.7,7.135,789.49,47,-70.0,-14.98,0.0812,1,link_7,78.0,1.0,1.0,file_transfer,0.0
2024-01-01 14:57:00,CELL_008,77.5,5.5,1041.47,11,-84.9,-11.09,0.2054,1,link_8,42.0,2.0,1.0,http,0.0
2024-01-01 14:58:00,CELL_008,65.2,4.307,1061.56,11,-90.3,-15.18,0.1815,1,link_9,12.0,3.0,1.0,video,0.0
2024-01-01 14:59:00,CELL_019,76.9,6.671,838.9,56,-87.2,-9.75,0.6655,1,link_10,17.0,4.0,1.0,voip,0.0
2024-01-01 15:00:00,CELL_007,54.7,1.867,298.93,8,-100.9,-4.15,0.1185,0,link_1,66.0,1.0,1.0,voip,0.0
2024-01-01 15:01:00,CELL_019,58.9,6.971,748.92,43,-80.4,-12.64,0.6868,1,link_2,28.0,2.0,1.0,file_transfer,0.0
2024-01-01 15:02:00,CELL_006,47.2,2.39,186.36,15,-95.0,-8.09,0.1013,0,link_3,10.0,3.0,1.0,http,0.0
2024-01-01 15:03:00,CELL_006,43.1,18.978,53.93,193,-115.0,-5.29,4.7674,1,link_4,28.0,4.0,1.0,video,0.0
2024-01-01 15:04:00,CELL_003,79.6,3.404,1409.27,6,-78.5,-18.22,0.3432,1,link_5,66.0,5.0,1.0,voip,0.0
2024-01-01 15:05:00,CELL_007,57.1,1.369,158.52,13,-93.5,-10.39,0.0177,1,link_6,89.0,1.0,1.0,file_transfer,0.0
2024-01-01 15:06:00,CELL_019,78.8,6.76,820.16,46,-110.0,-5.11,0.6256,1,link_7,76.0,2.0,1.0,http,0.0
2024-01-01 15:07:00,CELL_008,47.1,1.944,221.44,14,-114.6,-15.48,0.0545,1,link_8,38.0,3.0,1.0,video,0.0
2024-01-01 15:08:00,CELL_010,54.9,9.312,865.16,50,-108.9,-3.19,0.161,1,link_9,11.0,4.0,1.0,voip,0.0
2024-01-01 15:09:00,CELL_020,69.0,4.819,1174.72,6,-86.0,-19.25,0.2141,1,link_10,19.0,5.0,1.0,file_transfer,0.0
2024-01-01 15:10:00,CELL_015,47.6,35.324,36.83,203,-77.8,-19.12,0.1208,1,link_1,62.0,2.0,1.0,file_transfer,0.0
2024-01-01 15:11:00,CELL_015,49.8,1.766,326.22,7,-99.1,-14.72,0.0146,1,link_2,24.0,3.0,1.0,http,0.0
2024-01-01 15:12:00,CELL_001,38.7,4.539,751.71,47,-95.4,-12.84,0.5527,1,link_3,10.0,4.0,1.0,video,0.0
2024-01-01 15:13:00,CELL_020,74.9,9.82,1035.09,37,-96.7,-10.77,1.4649,1,link_4,32.0,5.0,1.0,voip,0.0
2024-01-01 15:14:00,CELL_007,92.1,11.057,873.36,43,-98.5,-10.79,0.5207,1,link_5,70.0,1.0,1.0,file_transfer,0.0
2024-01-01 15:15:00,CELL_004,27.7,15.088,41.62,195,-76.1,-14.16,1.3379,1,link_6,89.0,2.0,1.0,http,0.0
2024-01-01 15:16:00,CELL_006,56.4,1.005,307.64,10,-102.5,-12.81,0.0535,1,link_7,72.0,3.0,1.0,video,0.0
2024-01-01 15:17:00,CELL_001,100.0,9.774,882.52,36,-84.8,-8.94,0.6347,1,link_8,34.0,4.0,1.0,voip,0.0
2024-01-01 15:18:00,CELL_005,58.8,1.463,259.54,9,-117.0,-9.45,0.008,1,link_9,10.0,5.0,1.0,file_transfer,0.0
2024-01-01 15:19:00,CELL_001,38.7,14.221,36.58,175,-79.4,-18.89,1.9188,1,link_10,22.0,1.0,0.0,http,1.0
2024-01-01 15:20:00,CELL_004,89.8,5.646,1003.9,43,-74.0,-19.25,0.755,1,link_1,58.0,3.0,1.0,http,0.0
2024-01-01 15:21:00,CELL_002,32.9,21.517,39.59,191,-87.8,-14.45,0.7863,1,link_2,22.0,4.0,1.0,video,0.0
2024-01-01 15:22:00,CELL_010,40.1,30.784,62.51,189,-78.9,-13.38,1.0772,1,link_3,10.0,5.0,1.0,voip,0.0
2024-01-01 15:23:00,CELL_005,66.9,4.88,1295.68,7,-88.3,-8.69,0.3501,1,link_4,35.0,1.0,1.0,file_transfer,0.0
2024-01-01 15:24:00,CELL_010,70.2,5.495,884.62,40,-116.1,-18.62,0.3819,1,link_5,73.0,2.0,1.0,http,0.0
2024-01-01 15:25:00,CELL_001,86.3,7.152,921.22,50,-90.7,-14.26,0.1291,1,link_6,89.0,3.0,1.0,video,0.0
2024-01-01 15:26:00,CELL_006,89.3,7.873,941.55,46,-82.0,-6.05,1.0794,1,link_7,69.0,4.0,1.0,voip,0.0
2024-01-01 15:27:00,CELL_013,62.1,7.223,854.63,45,-84.7,-5.47,0.1753,1,link_8,31.0,5.0,1.0,file_transfer,0.0
2024-01-01 15:28:00,CELL_015,81.4,7.695,826.35,34,-113.3,-6.44,0.0184,1,link_9,10.0,1.0,0.0,http,1.0
2024-01-01 15:29:00,CELL_004,51.4,1.572,285.43,6,-85.2,-10.44,0.0488,1,link_10,25.0,2.0,1.0,video,0.0
2024-01-01 15:30:00,CELL_013,42.5,1.513,210.4,12,-103.5,-16.36,0.0833,1,link_1,54.0,4.0,1.0,video,0.0
2024-01-01 15:31:00,CELL_020,23.7,20.538,40.78,187,-105.6,-19.17,1.7242,1,link_2,19.0,5.0,1.0,voip,0.0
2024-01-01 15:32:00,CELL_015,80.6,9.092,730.76,48,-77.1,-7.55,0.9345,1,link_3,11.0,1.0,1.0,file_transfer,0.0
2024-01-01 15:33:00,CELL_008,46.4,1.192,275.4,16,-74.5,-14.8,0.0327,1,link_4,39.0,2.0,1.0,http,0.0
2024-01-01 15:34:00,CELL_005,33.7,25.198,28.38,208,-76.9,-12.85,2.7905,1,link_5,76.0,3.0,1.0,video,0.0
2024-01-01 15:35:00,CELL_015,45.3,17.675,15.73,214,-100.5,-8.62,0.4877,1,link_6,89.0,4.0,1.0,voip,0.0
2024-01-01 15:36:00,CELL_004,36.9,17.182,44.59,187,-100.3,-6.84,0.7015,1,link_7,65.0,5.0,1.0,file_transfer,0.0
2024-01-01 15:37:00,CELL_012,43.2,26.662,22.95,196,-110.7,-12.91,0.0645,1,link_8,27.0,1.0,0.0,http,1.0
2024-01-01 15:38:00,CELL_013,68.9,3.561,729.77,11,-98.2,-9.82,0.1245,1,link_9,10.0,2.0,1.0,video,0.0
2024-01-01 15:39:00,CELL_002,50.2,8.625,901.57,39,-72.8,-5.99,0.029,1,link_10,29.0,3.0,1.0,voip,0.0
2024-01-01 15:40:00,CELL_019,40.2,1.94,277.13,7,-106.3,-16.11,0.0692,1,link_1,50.0,5.0,1.0,voip,0.0
2024-01-01 15:41:00,CELL_019,81.7,9.146,754.4,45,-112.1,-14.32,0.4109,1,link_2,16.0,1.0,1.0,file_transfer,0.0
2024-01-01 15:42:00,CELL_004,74.3,10.072,730.22,46,-73.7,-8.21,0.3253,1,link_3,13.0,2.0,1.0,http,0.0
2024-01-01 15:43:00,CELL_004,96.2,7.693,880.9,46,-75.8,-10.54,0.2364,1,link_4,43.0,3.0,1.0,video,0.0
2024-01-01 15:44:00,CELL_011,74.4,8.892,744.11,47,-104.7,-15.46,0.0715,1,link_5,79.0,4.0,1.0,voip,0.0
2024-01-01 15:45:00,CELL_005,90.5,8.78,988.71,46,-72.5,-15.17,0.2922,1,link_6,88.0,5.0,1.0,file_transfer,0.0
2024-01-01 15:46:00,CELL_020,68.4,6.853,828.84,56,-100.6,-6.84,0.1625,1,link_7,62.0,1.0,0.0,http,1.0
2024-01-01 15:47:00,CELL_011,59.4,8.126,892.27,43,-89.4,-4.36,0.6002,1,link_8,24.0,2.0,1.0,video,0.0
2024-01-01 15:48:00,CELL_010,84.6,3.577,1243.04,4,-95.0,-9.38,0.2609,1,link_9,10.0,3.0,1.0,voip,0.0
2024-01-01 15:49:00,CELL_008,71.3,7.639,938.73,41,-120.0,-4.71,0.0719,1,link_10,32.0,4.0,1.0,file_transfer,0.0
2024-01-01 15:50:00,CELL_006,29.8,17.083,49.22,182,-74.6,-16.93,8.9237,0,link_1,46.0,1.0,1.0,file_transfer,0.0
2024-01-01 15:51:00,CELL_006,65.9,8.703,848.35,43,-90.3,-6.76,0.2125,1,link_2,14.0,2.0,1.0,http,0.0
2024-01-01 15:52:00,CELL_008,71.4,3.449,1334.23,2,-79.4,-11.27,0.9037,0,link_3,14.0,3.0,1.0,video,0.0
2024-01-01 15:53:00,CELL_015,27.4,26.432,19.88,176,-115.6,-18.16,2.5212,1,link_4,47.0,4.0,1.0,voip,0.0
2024-01-01 15:54:00,CELL_014,56.9,1.853,275.87,14,-75.8,-14.24,0.0314,1,link_5,82.0,5.0,1.0,file_transfer,0.0
2024-01-01 15:55:00,CELL_011,63.2,1.37,286.06,16,-74.2,-3.92,0.0347,1,link_6,87.0,1.0,0.0,http,1.0
2024-01-01 15:56:00,CELL_012,71.3,7.642,754.88,51,-107.2,-10.94,0.6444,1,link_7,58.0,2.0,1.0,video,0.0
2024-01-01 15:57:00,CELL_013,62.4,4.836,925.78,5,-117.8,-17.29,0.2461,1,link_8,21.0,3.0,1.0,voip,0.0
2024-01-01 15:58:00,CELL_008,24.2,25.351,55.47,210,-109.2,-18.73,1.1583,1,link_9,10.0,4.0,1.0,file_transfer,0.0
2024-01-01 15:59:00,CELL_018,31.4,33.682,49.03,215,-85.6,-9.44,0.5697,1,link_10,36.0,5.0,1.0,http,0.0
2024-01-01 16:00:00,CELL_001,53.3,1.659,157.11,19,-111.2,-11.52,0.0282,1,link_1,43.0,2.0,1.0,http,0.0
2024-01-01 16:01:00,CELL_015,81.8,8.74,814.15,46,-81.0,-11.15,0.1473,1,link_2,13.0,3.0,1.0,video,0.0
2024-01-01 16:02:00,CELL_008,60.9,24.204,50.37,202,-81.5,-18.46,0.2094,1,link_3,17.0,4.0,1.0,voip,0.0
2024-01-01 16:03:00,CELL_011,56.0,10.567,983.24,49,-71.0,-8.19,0.0735,1,link_4,51.0,5.0,1.0,file_transfer,0.0
2024-01-01 16:04:00,CELL_012,53.7,2.478,158.54,10,-80.6,-11.43,0.1164,0,link_5,84.0,1.0,0.0,http,1.0
2024-01-01 16:05:00,CELL_012,74.5,3.761,804.39,41,-114.4,-8.77,0.9998,1,link_6,85.0,2.0,1.0,video,0.0
2024-01-01 16:06:00,CELL_004,86.1,5.938,981.76,5,-103.3,-9.36,0.37,1,link_7,54.0,3.0,1.0,voip,0.0
2024-01-01 16:07:00,CELL_016,89.1,8.97,731.02,51,-113.6,-6.07,0.4346,1,link_8,18.0,4.0,1.0,file_transfer,0.0
2024-01-01 16:08:00,CELL_004,74.5,6.346,607.77,37,-101.1,-14.01,1.9909,1,link_9,12.0,5.0,1.0,http,0.0
2024-01-01 16:09:00,CELL_005,53.2,2.036,102.46,11,-99.7,-4.9,0.0025,1,link_10,40.0,1.0,1.0,video,0.0
2024-01-01 16:10:00,CELL_005,24.6,15.451,54.12,233,-72.3,-13.88,0.1732,1,link_1,39.0,3.0,1.0,video,0.0
2024-01-01 16:11:00,CELL_008,59.3,1.726,369.04,12,-104.8,-14.12,0.0239,1,link_2,11.0,4.0,1.0,voip,0.0
2024-01-01 16:12:00,CELL_010,65.4,12.498,1046.77,49,-108.8,-9.52,0.6188,1,link_3,19.0,5.0,1.0,file_transfer,0.0
2024-01-01 16:13:00,CELL_017,84.6,7.743,856.05,45,-108.8,-12.34,0.1497,1,link_4,55.0,1.0,0.0,http,1.0
2024-01-01 16:14:00,CELL_009,28.9,30.663,29.95,192,-104.8,-9.18,4.4886,1,link_5,86.0,2.0,1.0,video,0.0
2024-01-01 16:15:00,CELL_019,97.2,4.755,1315.15,6,-85.2,-15.3,0.0154,1,link_6,83.0,3.0,1.0,voip,0.0
2024-01-01 16:16:00,CELL_014,25.1,29.4,70.4,198,-105.9,-8.91,2.1821,1,link_7,50.0,4.0,1.0,file_transfer,0.0
2024-01-01 16:17:00,CELL_008,56.7,1.558,209.07,13,-106.2,-17.58,0.0169,1,link_8,16.0,5.0,1.0,http,0.0
2024-01-01 16:18:00,CELL_009,76.6,2.209,1300.55,7,-96.1,-7.42,0.2647,1,link_9,13.0,1.0,1.0,video,0.0
2024-01-01 16:19:00,CELL_011,55.2,1.485,218.22,14,-110.3,-4.11,0.029,1,link_10,44.0,2.0,1.0,voip,0.0
2024-01-01 16:20:00,CELL_001,60.5,2.053,150.6,11,-109.6,-16.58,0.061,1,link_1,35.0,4.0,1.0,voip,0.0
2024-01-01 16:21:00,CELL_014,59.2,2.177,174.4,5,-112.5,-11.34,0.0629,1,link_2,10.0,5.0,1.0,file_transfer,0.0
2024-01-01 16:22:00,CELL_005,48.7,2.074,239.64,14,-113.8,-4.13,0.0022,1,link_3,22.0,1.0,0.0,http,1.0
2024-01-01 16:23:00,CELL_014,35.7,23.148,27.9,198,-110.6,-8.12,1.303,1,link_4,59.0,2.0,1.0,video,0.0
2024-01-01 16:24:00,CELL_004,63.1,1.819,221.34,13,-114.9,-18.03,0.052,1,link_5,87.0,3.0,1.0,voip,0.0
2024-01-01 16:25:00,CELL_001,78.5,13.338,605.52,41,-118.0,-19.76,0.2585,1,link_6,81.0,4.0,1.0,file_transfer,0.0
2024-01-01 16:26:00,CELL_019,80.2,7.364,684.92,52,-74.6,-10.32,0.1562,1,link_7,46.0,5.0,1.0,http,0.0
2024-01-01 16:27:00,CELL_008,72.6,8.591,951.01,39,-113.2,-6.17,0.0416,1,link_8,14.0,1.0,1.0,video,0.0
2024-01-01 16:28:00,CELL_015,61.0,1.746,384.35,10,-116.8,-9.4,0.0265,1,link_9,15.0,2.0,1.0,voip,0.0
2024-01-01 16:29:00,CELL_015,79.4,2.686,943.64,45,-87.6,-12.77,0.8787,1,link_10,48.0,3.0,1.0,file_transfer,0.0
2024-01-01 16:30:00,CELL_009,100.0,9.882,1002.01,46,-85.5,-6.01,0.0291,1,link_1,31.0,5.0,1.0,file_transfer,0.0
2024-01-01 16:31:00,CELL_009,62.8,1.959,244.63,14,-100.3,-14.65,0.0896,1,link_2,10.0,1.0,0.0,http,1.0
2024-01-01 16:32:00,CELL_010,47.6,1.597,193.55,16,-87.6,-6.37,0.0174,1,link_3,25.0,2.0,1.0,video,0.0
2024-01-01 16:33:00,CELL_020,38.6,16.395,60.1,205,-111.2,-18.42,2.3021,1,link_4,63.0,3.0,1.0,voip,0.0
2024-01-01 16:34:00,CELL_009,65.8,1.161,234.87,14,-112.5,-7.93,0.1187,0,link_5,88.0,4.0,1.0,file_transfer,0.0
2024-01-01 16:35:00,CELL_003,48.7,32.289,30.65,207,-111.7,-6.06,0.7786,1,link_6,78.0,5.0,1.0,http,0.0
2024-01-01 16:36:00,CELL_020,57.2,5.732,1292.96,5,-92.2,-16.15,0.1155,1,link_7,42.0,1.0,1.0,video,0.0
2024-01-01 16:37:00,CELL_011,36.8,29.514,49.88,190,-115.4,-11.51,1.8512,1,link_8,12.0,2.0,1.0,voip,0.0
2024-01-01 16:38:00,CELL_006,52.8,2.134,310.33,10,-75.3,-17.41,0.0031,1,link_9,17.0,3.0,1.0,file_transfer,0.0
2024-01-01 16:39:00,CELL_002,71.6,8.415,724.64,51,-110.0,-8.29,0.1853,1,link_10,52.0,4.0,1.0,http,0.0
2024-01-01 16:40:00,CELL_007,80.6,5.6,1143.01,9,-89.9,-8.0,0.7813,0,link_1,28.0,1.0,0.0,http,1.0
2024-01-01 16:41:00,CELL_018,70.7,7.53,807.35,50,-103.0,-11.12,1.1968,1,link_2,10.0,2.0,1.0,video,0.0
2024-01-01 16:42:00,CELL_002,65.6,8.681,644.47,41,-118.6,-11.99,0.7497,1,link_3,28.0,3.0,1.0,voip,0.0
2024-01-01 16:43:00,CELL_017,45.0,1.935,152.42,12,-104.3,-3.82,0.0262,1,link_4,66.0,4.0,1.0,file_transfer,0.0
2024-01-01 16:44:00,CELL_011,99.1,11.646,651.94,41,-100.7,-5.42,0.7847,1,link_5,89.0,5.0,1.0,http,0.0
2024-01-01 16:45:00,CELL_012,74.4,5.113,1500.09,6,-101.7,-8.62,0.0665,1,link_6,76.0,1.0,1.0,video,0.0
2024-01-01 16:46:00,CELL_019,57.4,1.887,278.1,10,-96.0,-4.62,0.1067,0,link_7,38.0,2.0,1.0,voip,0.0
2024-01-01 16:47:00,CELL_007,60.9,1.551,260.91,12,-118.8,-7.89,0.0196,1,link_8,11.0,3.0,1.0,file_transfer,0.0
2024-01-01 16:48:00,CELL_020,47.7,1.528,346.88,8,-103.4,-9.75,0.0562,1,link_9,19.0,4.0,1.0,http,0.0
2024-01-01 16:49:00,CELL_006,64.5,1.402,297.93,12,-115.1,-11.14,0.0065,1,link_10,55.0,5.0,1.0,video,0.0
2024-01-01 16:50:00,CELL_001,62.8,9.775,1008.24,45,-70.6,-16.11,0.1501,1,link_1,24.0,2.0,1.0,video,0.0
2024-01-01 16:51:00,CELL_017,62.0,1.244,252.66,9,-109.6,-5.39,0.053,1,link_2,10.0,3.0,1.0,voip,0.0
2024-01-01 16:52:00,CELL_011,36.1,27.696,19.06,203,-89.0,-12.58,0.3014,1,link_3,32.0,4.0,1.0,file_transfer,0.0
2024-01-01 16:53:00,CELL_018,51.0,1.232,181.87,16,-73.3,-8.4,0.0015,1,link_4,70.0,5.0,1.0,http,0.0
2024-01-01 16:54:00,CELL_017,21.3,39.725,32.67,209,-79.6,-17.91,2.2376,1,link_5,89.0,1.0,1.0,video,0.0
2024-01-01 16:55:00,CELL_007,73.5,4.075,1053.67,43,-117.5,-19.61,0.2093,1,link_6,72.0,2.0,1.0,voip,0.0
2024-01-01 16:56:00,CELL_017,74.0,4.858,598.46,51,-71.9,-14.76,0.1026,1,link_7,34.0,3.0,1.0,file_transfer,0.0
2024-01-01 16:57:00,CELL_020,67.1,4.808,915.05,45,-113.1,-11.51,0.6518,1,link_8,10.0,4.0,1.0,http,0.0
2024-01-01 16:58:00,CELL_009,77.8,10.319,744.05,52,-112.9,-3.86,0.1618,1,link_9,22.0,5.0,1.0,video,0.0
2024-01-01 16:59:00,CELL_017,39.6,32.454,46.86,186,-109.8,-13.06,0.3194,1,link_10,59.0,1.0,1.0,voip,0.0
2024-01-01 17:00:00,CELL_020,37.4,35.55,52.88,204,-105.2,-10.82,0.8655,1,link_1,22.0,3.0,1.0,voip,0.0
2024-01-01 17:01:00,CELL_008,92.6,12.275,818.67,43,-80.5,-15.59,0.956,1,link_2,10.0,4.0,1.0,file_transfer,0.0
2024-01-01 17:02:00,CELL_017,52.1,2.114,215.12,10,-94.4,-16.37,0.0005,1,link_3,35.0,5.0,1.0,http,0.0
2024-01-01 17:03:00,CELL_007,35.6,15.833,34.24,204,-89.8,-9.99,0.6742,1,link_4,73.0,1.0,1.0,video,0.0
2024-01-01 17:04:00,CELL_001,48.0,9.342,694.44,39,-81.3,-13.74,0.1682,1,link_5,89.0,2.0,1.0,voip,0.0
2024-01-01 17:05:00,CELL_013,58.3,5.36,764.88,48,-70.5,-12.3,2.4923,0,link_6,69.0,3.0,1.0,file_transfer,0.0
2024-01-01 17:06:00,CELL_019,78.5,4.108,1140.2,5,-85.2,-5.64,0.0625,1,link_7,31.0,4.0,1.0,http,0.0
2024-01-01 17:07:00,CELL_019,48.5,1.41,261.62,8,-114.3,-8.97,0.0572,1,link_8,10.0,5.0,1.0,video,0.0
2024-01-01 17:08:00,CELL_017,89.1,4.224,907.97,8,-100.9,-17.53,0.0872,1,link_9,25.0,1.0,1.0,voip,0.0
2024-01-01 17:09:00,CELL_013,58.6,11.157,934.78,42,-85.3,-6.67,0.8885,1,link_10,63.0,2.0,1.0,file_transfer,0.0
2024-01-01 17:10:00,CELL_016,53.2,22.915,45.77,195,-116.8,-3.2,1.0652,1,link_1,19.0,4.0,1.0,file_transfer,0.0
2024-01-01 17:11:00,CELL_008,73.8,9.617,731.33,42,-90.6,-11.39,0.0548,1,link_2,11.0,5.0,1.0,http,0.0
2024-01-01 17:12:00,CELL_019,57.7,10.793,688.97,43,-103.7,-3.96,0.2574,1,link_3,39.0,1.0,1.0,video,0.0
2024-01-01 17:13:00,CELL_018,71.8,1.979,350.24,16,-112.1,-3.79,0.0114,1,link_4,76.0,2.0,1.0,voip,0.0
2024-01-01 17:14:00,CELL_001,74.4,11.085,1019.54,39,-97.3,-15.11,1.5431,1,link_5,89.0,3.0,1.0,file_transfer,0.0
2024-01-01 17:15:00,CELL_014,63.2,6.613,1124.28,42,-109.4,-8.28,0.2021,1,link_6,65.0,4.0,1.0,http,0.0
2024-01-01 17:16:00,CELL_019,67.7,6.169,747.29,40,-92.2,-3.12,0.1291,1,link_7,27.0,5.0,1.0,video,0.0
2024-01-01 17:17:00,CELL_015,50.0,12.46,900.93,41,-108.3,-6.25,0.1743,1,link_8,10.0,1.0,1.0,voip,0.0
2024-01-01 17:18:00,CELL_018,47.3,11.22,40.0,183,-82.4,-14.44,0.4231,1,link_9,29.0,2.0,1.0,file_transfer,0.0
2024-01-01 17:19:00,CELL_002,66.1,1.089,268.07,8,-97.0,-12.88,0.063,1,link_10,67.0,3.0,1.0,http,0.0
2024-01-01 17:20:00,CELL_017,70.4,9.335,968.55,48,-90.7,-16.66,0.9208,1,link_1,16.0,5.0,1.0,http,0.0
2024-01-01 17:21:00,CELL_018,70.5,10.735,883.65,42,-119.8,-4.73,0.045,1,link_2,13.0,1.0,1.0,video,0.0
2024-01-01 17:22:00,CELL_006,93.1,5.518,775.36,52,-96.8,-8.99,1.7865,1,link_3,43.0,2.0,1.0,voip,0.0
2024-01-01 17:23:00,CELL_019,56.4,1.53,253.91,21,-96.6,-10.33,0.0034,1,link_4,79.0,3.0,1.0,file_transfer,0.0
2024-01-01 17:24:00,CELL_004,89.5,8.306,918.49,48,-114.9,-11.11,0.1675,1,link_5,88.0,4.0,1.0,http,0.0
2024-01-01 17:25:00,CELL_001,38.3,19.098,35.22,188,-115.5,-6.44,2.998,1,link_6,62.0,5.0,1.0,video,0.0
2024-01-01 17:26:00,CELL_008,61.0,8.294,526.3,42,-84.5,-16.5,1.5042,1,link_7,24.0,1.0,1.0,voip,0.0
2024-01-01 17:27:00,CELL_007,59.9,8.734,724.41,34,-94.6,-10.44,0.1109,1,link_8,10.0,2.0,1.0,file_transfer,0.0
2024-01-01 17:28:00,CELL_003,33.6,40.512,44.67,194,-77.1,-10.03,0.7927,1,link_9,32.0,3.0,1.0,http,0.0
2024-01-01 17:29:00,CELL_010,40.7,30.093,50.31,202,-92.1,-11.53,2.0795,1,link_10,70.0,4.0,1.0,video,0.0
2024-01-01 17:30:00,CELL_010,79.5,8.686,771.34,50,-100.7,-7.52,0.0167,1,link_1,14.0,1.0,1.0,video,0.0
2024-01-01 17:31:00,CELL_019,58.5,22.625,75.69,214,-108.4,-4.89,0.2331,1,link_2,14.0,2.0,1.0,voip,0.0
2024-01-01 17:32:00,CELL_014,44.1,2.308,267.94,14,-116.1,-8.11,0.0314,1,link_3,47.0,3.0,1.0,file_transfer,0.0
2024-01-01 17:33:00,CELL_002,38.3,27.22,60.38,182,-118.4,-10.77,1.2793,1,link_4,82.0,4.0,1.0,http,0.0
2024-01-01 17:34:00,CELL_001,57.3,2.14,212.72,9,-79.9,-18.29,0.1138,0,link_5,87.0,5.0,1.0,video,0.0
2024-01-01 17:35:00,CELL_018,62.6,2.362,232.24,9,-113.3,-5.77,0.1147,0,link_6,58.0,1.0,1.0,voip,0.0
2024-01-01 17:36:00,CELL_007,92.3,5.894,1068.63,10,-88.9,-4.99,0.3526,1,link_7,21.0,2.0,1.0,file_transfer,0.0
2024-01-01 17:37:00,CELL_008,89.2,8.538,1083.27,43,-109.1,-7.02,0.1847,1,link_8,10.0,3.0,1.0,http,0.0
2024-01-01 17:38:00,CELL_001,36.6,1.873,471.25,20,-95.0,-6.56,0.0018,1,link_9,36.0,4.0,1.0,video,0.0
2024-01-01 17:39:00,CELL_003,53.3,1.308,300.76,9,-89.8,-3.12,0.0188,1,link_10,74.0,5.0,1.0,voip,0.0
2024-01-01 17:40:00,CELL_008,80.5,5.51,845.8,52,-113.9,-8.01,0.0982,1,link_1,13.0,2.0,1.0,voip,0.0
2024-01-01 17:41:00,CELL_015,65.2,4.893,888.63,44,-112.8,-16.38,0.8223,1,link_2,17.0,3.0,1.0,file_transfer,0.0
2024-01-01 17:42:00,CELL_005,48.0,6.507,659.99,52,-88.6,-13.3,0.5521,1,link_3,51.0,4.0,1.0,http,0.0
2024-01-01 17:43:00,CELL_003,59.2,1.082,307.2,11,-97.3,-6.47,0.2981,0,link_4,84.0,5.0,1.0,video,0.0
2024-01-01 17:44:00,CELL_019,47.6,1.748,261.04,10,-74.3,-18.32,0.0784,1,link_5,85.0,1.0,1.0,voip,0.0
2024-01-01 17:45:00,CELL_001,52.4,1.571,176.5,16,-101.3,-16.2,0.0148,1,link_6,54.0,2.0,1.0,file_transfer,0.0
2024-01-01 17:46:00,CELL_015,84.3,8.799,936.08,56,-71.1,-19.23,0.4507,1,link_7,18.0,3.0,1.0,http,0.0
2024-01-01 17:47:00,CELL_008,46.5,0.811,330.55,15,-118.8,-5.97,0.0223,1,link_8,12.0,4.0,1.0,video,0.0
2024-01-01 17:48:00,CELL_002,87.0,5.174,1297.4,11,-87.4,-19.24,0.0657,1,link_9,40.0,5.0,1.0,voip,0.0
2024-01-01 17:49:00,CELL_003,64.7,10.385,731.63,48,-86.9,-10.25,0.3672,1,link_10,77.0,1.0,1.0,file_transfer,0.0
2024-01-01 17:50:00,CELL_014,48.8,1.284,176.62,10,-115.7,-15.44,0.0254,1,link_1,11.0,3.0,1.0,file_transfer,0.0
2024-01-01 17:51:00,CELL_014,15.7,29.111,74.62,196,-83.9,-9.8,1.7835,1,link_2,19.0,4.0,1.0,http,0.0
2024-01-01 17:52:00,CELL_011,41.5,25.559,74.22,201,-74.4,-15.33,0.7045,1,link_3,55.0,5.0,1.0,video,0.0
2024-01-01 17:53:00,CELL_016,56.6,1.739,272.42,15,-87.7,-16.53,0.029,1,link_4,86.0,1.0,1.0,voip,0.0
2024-01-01 17:54:00,CELL_004,33.2,33.698,11.92,201,-102.0,-5.58,0.4333,1,link_5,83.0,2.0,1.0,file_transfer,0.0
2024-01-01 17:55:00,CELL_020,45.0,6.932,1037.55,40,-95.0,-13.98,0.1586,1,link_6,50.0,3.0,1.0,http,0.0
2024-01-01 17:56:00,CELL_005,41.7,15.936,41.07,202,-105.5,-7.94,1.1422,1,link_7,16.0,4.0,1.0,video,0.0
2024-01-01 17:57:00,CELL_014,100.0,7.294,504.02,46,-96.8,-7.14,0.4238,1,link_8,13.0,5.0,1.0,voip,0.0
2024-01-01 17:58:00,CELL_016,74.9,8.742,746.85,41,-72.2,-17.47,1.1041,1,link_9,44.0,1.0,1.0,file_transfer,0.0
2024-01-01 17:59:00,CELL_018,87.5,9.869,764.91,24,-89.9,-4.6,0.8489,1,link_10,80.0,2.0,1.0,http,0.0
2024-01-01 18:00:00,CELL_007,39.8,24.547,33.67,196,-84.9,-8.66,0.2822,1,link_1,10.0,4.0,1.0,http,0.0
2024-01-01 18:01:00,CELL_010,50.3,2.095,163.09,18,-110.6,-11.04,0.0069,1,link_2,22.0,5.0,1.0,video,0.0
2024-01-01 18:02:00,CELL_007,70.9,12.66,808.45,42,-109.6,-17.6,0.5403,1,link_3,59.0,1.0,1.0,voip,0.0
2024-01-01 18:03:00,CELL_001,85.5,6.88,727.16,50,-83.7,-16.4,0.1399,1,link_4,87.0,2.0,1.0,file_transfer,0.0
2024-01-01 18:04:00,CELL_019,73.9,4.071,1622.21,9,-111.1,-15.01,0.1551,1,link_5,81.0,3.0,1.0,http,0.0
2024-01-01 18:05:00,CELL_016,38.7,31.078,28.2,185,-104.5,-6.3,1.9223,1,link_6,46.0,4.0,1.0,video,0.0
2024-01-01 18:06:00,CELL_019,37.5,1.742,179.66,8,-89.3,-13.95,0.0289,1,link_7,14.0,5.0,1.0,voip,0.0
2024-01-01 18:07:00,CELL_004,47.0,1.742,239.41,21,-105.9,-4.71,0.0665,1,link_8,15.0,1.0,1.0,file_transfer,0.0
2024-01-01 18:08:00,CELL_018,52.8,1.427,221.96,11,-80.8,-5.94,0.0312,1,link_9,48.0,2.0,1.0,http,0.0
2024-01-01 18:09:00,CELL_002,84.9,8.932,787.76,45,-102.5,-9.39,1.0085,1,link_10,82.0,3.0,1.0,video,0.0
2024-01-01 18:10:00,CELL_001,86.1,4.157,1121.61,6,-115.7,-4.76,0.0694,1,link_1,10.0,5.0,1.0,video,0.0
2024-01-01 18:11:00,CELL_015,73.8,8.818,800.99,52,-71.0,-17.39,0.541,1,link_2,25.0,1.0,1.0,voip,0.0
2024-01-01 18:12:00,CELL_005,61.7,2.116,252.48,17,-95.2,-15.05,0.0515,1,link_3,63.0,2.0,1.0,file_transfer,0.0
2024-01-01 18:13:00,CELL_020,71.3,9.867,517.74,49,-80.7,-14.49,1.1565,1,link_4,88.0,3.0,1.0,http,0.0
2024-01-01 18:14:00,CELL_011,51.3,2.353,179.65,13,-89.8,-16.79,0.0312,1,link_5,78.0,4.0,1.0,video,0.0
2024-01-01 18:15:00,CELL_010,55.8,1.357,170.66,7,-99.8,-12.1,0.0027,1,link_6,42.0,5.0,1.0,voip,0.0
2024-01-01 18:16:00,CELL_002,63.3,2.226,214.47,17,-113.7,-10.8,0.0079,1,link_7,12.0,1.0,1.0,file_transfer,0.0
2024-01-01 18:17:00,CELL_003,58.5,10.65,695.62,31,-104.7,-8.51,0.0002,1,link_8,17.0,2.0,1.0,http,0.0
2024-01-01 18:18:00,CELL_012,53.6,1.499,225.27,12,-80.4,-19.55,0.0029,1,link_9,52.0,3.0,1.0,video,0.0
2024-01-01 18:19:00,CELL_020,55.6,12.907,720.93,46,-95.0,-17.45,1.5733,1,link_10,84.0,4.0,1.0,voip,0.0
2024-01-01 18:20:00,CELL_005,68.9,11.656,889.39,55,-118.0,-3.86,0.0409,1,link_1,10.0,1.0,1.0,voip,0.0
2024-01-01 18:21:00,CELL_005,80.7,6.538,807.31,54,-117.8,-19.5,0.6043,1,link_2,28.0,2.0,1.0,file_transfer,0.0
2024-01-01 18:22:00,CELL_006,32.7,32.549,35.51,213,-86.3,-9.01,0.8156,1,link_3,66.0,3.0,1.0,http,0.0
2024-01-01 18:23:00,CELL_009,60.8,1.223,248.04,16,-87.3,-10.53,0.0155,1,link_4,89.0,4.0,1.0,video,0.0
2024-01-01 18:24:00,CELL_002,52.6,1.556,260.25,14,-102.0,-10.6,0.0841,1,link_5,76.0,5.0,1.0,voip,0.0
2024-01-01 18:25:00,CELL_012,22.1,30.357,31.25,188,-101.5,-10.95,2.307,1,link_6,38.0,1.0,1.0,file_transfer,0.0
2024-01-01 18:26:00,CELL_003,44.5,1.636,250.39,15,-105.7,-8.0,0.0531,1,link_7,11.0,2.0,1.0,http,0.0
2024-01-01 18:27:00,CELL_020,50.9,1.348,207.04,16,-117.5,-17.83,0.0231,1,link_8,19.0,3.0,1.0,video,0.0
2024-01-01 18:28:00,CELL_012,78.2,12.001,945.03,49,-87.3,-7.42,0.5215,1,link_9,55.0,4.0,1.0,voip,0.0
2024-01-01 18:29:00,CELL_017,51.8,9.656,670.68,62,-98.6,-18.35,0.0307,1,link_10,86.0,5.0,1.0,file_transfer,0.0
2024-01-01 18:30:00,CELL_010,42.8,1.908,276.34,13,-77.0,-8.7,0.0151,1,link_1,10.0,2.0,1.0,file_transfer,0.0
2024-01-01 18:31:00,CELL_014,56.3,1.931,200.06,12,-104.5,-14.63,0.1427,0,link_2,32.0,3.0,1.0,http,0.0
2024-01-01 18:32:00,CELL_017,35.2,13.874,10.94,196,-97.4,-19.95,0.0911,1,link_3,70.0,4.0,1.0,video,0.0
2024-01-01 18:33:00,CELL_018,32.9,20.328,33.81,202,-103.3,-8.79,1.6343,1,link_4,89.0,5.0,1.0,voip,0.0
2024-01-01 18:34:00,CELL_019,70.8,9.079,798.47,46,-112.6,-3.4,0.3895,1,link_5,72.0,1.0,1.0,file_transfer,0.0
2024-01-01 18:35:00,CELL_017,75.8,6.833,747.98,41,-73.8,-4.05,0.436,1,link_6,34.0,2.0,1.0,http,0.0
2024-01-01 18:36:00,CELL_014,45.8,1.187,361.27,9,-96.6,-17.13,0.0163,1,link_7,10.0,3.0,1.0,video,0.0
2024-01-01 18:37:00,CELL_009,68.2,8.267,862.21,48,-80.4,-19.97,0.0817,1,link_8,22.0,4.0,1.0,voip,0.0
2024-01-01 18:38:00,CELL_008,82.0,3.972,811.02,53,-86.1,-19.1,0.8536,1,link_9,59.0,5.0,1.0,file_transfer,0.0
2024-01-01 18:39:00,CELL_002,45.3,27.401,30.7,216,-99.1,-15.12,0.6721,1,link_10,87.0,1.0,1.0,http,0.0
2024-01-01 18:40:00,CELL_013,92.1,4.056,844.69,52,-80.3,-19.75,0.0926,1,link_1,10.0,3.0,1.0,http,0.0
2024-01-01 18:41:00,CELL_007,84.5,6.029,1174.1,14,-84.9,-11.59,0.1438,1,link_2,35.0,4.0,1.0,video,0.0
2024-01-01 18:42:00,CELL_009,23.2,11.147,32.21,194,-90.1,-17.87,2.7086,1,link_3,73.0,5.0,1.0,voip,0.0
2024-01-01 18:43:00,CELL_011,39.0,24.699,35.81,212,-80.7,-3.73,2.0723,1,link_4,89.0,1.0,1.0,file_transfer,0.0
2024-01-01 18:44:00,CELL_014,72.3,5.623,648.99,35,-95.4,-3.12,0.0652,1,link_5,69.0,2.0,1.0,http,0.0
2024-01-01 18:45:00,CELL_004,51.6,11.479,838.81,37,-71.7,-18.57,0.0564,1,link_6,31.0,3.0,1.0,video,0.0
2024-01-01 18:46:00,CELL_013,50.3,2.218,218.87,7,-116.3,-5.44,0.0947,1,link_7,10.0,4.0,1.0,voip,0.0
2024-01-01 18:47:00,CELL_002,84.8,7.96,870.83,48,-103.5,-15.41,0.4735,1,link_8,25.0,5.0,1.0,file_transfer,0.0
2024-01-01 18:48:00,CELL_005,73.5,10.028,570.1,43,-76.4,-4.76,0.3886,1,link_9,63.0,1.0,1.0,http,0.0
2024-01-01 18:49:00,CELL_011,80.0,11.028,730.2,45,-105.6,-9.55,0.4746,1,link_10,89.0,2.0,1.0,video,0.0
2024-01-01 18:50:00,CELL_006,71.2,7.91,952.7,41,-94.8,-18.88,0.1433,1,link_1,11.0,4.0,1.0,video,0.0
2024-01-01 18:51:00,CELL_018,77.8,9.171,615.96,48,-93.9,-3.55,0.2379,1,link_2,39.0,5.0,1.0,voip,0.0
2024-01-01 18:52:00,CELL_010,29.7,30.264,41.71,225,-77.8,-11.02,1.816,1,link_3,76.0,1.0,1.0,file_transfer,0.0
2024-01-01 18:53:00,CELL_004,65.6,7.758,910.83,47,-84.1,-4.46,0.4138,1,link_4,89.0,2.0,1.0,http,0.0
2024-01-01 18:54:00,CELL_009,66.1,10.875,985.88,40,-95.9,-4.68,0.639,1,link_5,65.0,3.0,1.0,video,0.0
2024-01-01 18:55:00,CELL_006,56.0,2.651,299.17,8,-113.1,-9.78,0.3047,0,link_6,27.0,4.0,1.0,voip,0.0
2024-01-01 18:56:00,CELL_002,80.7,4.571,944.37,5,-86.3,-9.01,0.0277,1,link_7,10.0,5.0,1.0,file_transfer,0.0
2024-01-01 18:57:00,CELL_017,60.7,8.338,746.82,45,-79.1,-16.37,0.5499,1,link_8,29.0,1.0,1.0,http,0.0
2024-01-01 18:58:00,CELL_005,95.5,10.088,839.21,39,-114.5,-18.73,0.7453,1,link_9,67.0,2.0,1.0,video,0.0
2024-01-01 18:59:00,CELL_006,36.2,1.785,220.44,20,-94.6,-19.12,0.0478,1,link_10,89.0,3.0,1.0,voip,0.0
2024-01-01 19:00:00,CELL_012,71.4,2.98,1405.13,14,-99.3,-16.34,0.3678,1,link_1,13.0,5.0,1.0,voip,0.0
2024-01-01 19:01:00,CELL_010,41.0,28.307,27.59,208,-76.2,-8.46,0.5235,1,link_2,43.0,1.0,1.0,file_transfer,0.0
2024-01-01 19:02:00,CELL_006,62.7,1.476,193.1,10,-100.1,-13.5,0.0009,1,link_3,79.0,2.0,1.0,http,0.0
2024-01-01 19:03:00,CELL_008,63.6,6.902,692.33,49,-103.4,-11.58,0.18,1,link_4,88.0,3.0,1.0,video,0.0
2024-01-01 19:04:00,CELL_002,53.4,1.255,204.15,7,-84.8,-13.44,0.025,1,link_5,62.0,4.0,1.0,voip,0.0
2024-01-01 19:05:00,CELL_012,67.5,6.821,806.97,53,-84.7,-17.76,0.1284,1,link_6,24.0,5.0,1.0,file_transfer,0.0
2024-01-01 19:06:00,CELL_013,48.1,1.45,373.31,15,-80.6,-18.28,0.0404,1,link_7,10.0,1.0,1.0,http,0.0
2024-01-01 19:07:00,CELL_007,42.8,19.14,37.02,204,-111.2,-14.05,0.3956,1,link_8,32.0,2.0,1.0,video,0.0
2024-01-01 19:08:00,CELL_010,59.9,3.755,1040.85,8,-74.0,-12.57,0.0664,1,link_9,70.0,3.0,1.0,voip,0.0
2024-01-01 19:09:00,CELL_013,79.2,8.191,857.67,57,-100.0,-4.51,1.5159,1,link_10,89.0,4.0,1.0,file_transfer,0.0
2024-01-01 19:10:00,CELL_017,75.6,8.791,806.48,53,-115.9,-4.1,0.2547,1,link_1,14.0,1.0,1.0,file_transfer,0.0
2024-01-01 19:11:00,CELL_014,54.7,1.505,269.09,10,-74.5,-16.34,0.0194,1,link_2,47.0,2.0,1.0,http,0.0
2024-01-01 19:12:00,CELL_002,42.7,26.359,36.35,205,-98.8,-5.68,0.1021,1,link_3,82.0,3.0,1.0,video,0.0
2024-01-01 19:13:00,CELL_011,19.3,15.125,38.12,208,-83.1,-17.37,0.1563,1,link_4,87.0,4.0,1.0,voip,0.0
2024-01-01 19:14:00,CELL_001,90.2,11.318,1012.29,44,-106.5,-3.81,0.0475,1,link_5,58.0,5.0,1.0,file_transfer,0.0
2024-01-01 19:15:00,CELL_019,64.7,5.374,798.41,44,-85.7,-14.85,0.5083,1,link_6,21.0,1.0,1.0,http,0.0
2024-01-01 19:16:00,CELL_004,57.4,1.739,305.68,14,-81.6,-11.92,0.1497,0,link_7,10.0,2.0,1.0,video,0.0
2024-01-01 19:17:00,CELL_019,63.6,9.904,732.84,38,-71.4,-17.53,0.1931,1,link_8,36.0,3.0,1.0,voip,0.0
2024-01-01 19:18:00,CELL_011,24.5,24.433,32.39,193,-83.6,-6.12,0.8613,1,link_9,74.0,4.0,1.0,file_transfer,0.0
2024-01-01 19:19:00,CELL_008,50.1,1.843,275.34,13,-79.1,-19.27,0.081,1,link_10,89.0,5.0,1.0,http,0.0
2024-01-01 19:20:00,CELL_011,33.8,19.586,38.7,183,-99.9,-14.35,1.2041,1,link_1,17.0,2.0,1.0,http,0.0
2024-01-01 19:21:00,CELL_004,67.4,1.655,324.79,14,-76.4,-8.82,0.0351,1,link_2,51.0,3.0,1.0,video,0.0
2024-01-01 19:22:00,CELL_017,30.8,20.362,30.65,188,-110.5,-8.46,0.1482,1,link_3,84.0,4.0,1.0,voip,0.0
2024-01-01 19:23:00,CELL_007,62.2,8.727,523.65,38,-102.6,-14.4,0.0792,1,link_4,85.0,5.0,1.0,file_transfer,0.0
2024-01-01 19:24:00,CELL_008,44.2,25.968,41.9,214,-117.8,-4.03,2.3632,1,link_5,54.0,1.0,1.0,http,0.0
2024-01-01 19:25:00,CELL_003,69.1,9.607,754.54,57,-82.3,-18.74,0.1591,1,link_6,18.0,2.0,1.0,video,0.0
2024-01-01 19:26:00,CELL_002,49.0,1.826,186.78,15,-93.4,-3.8,0.0174,1,link_7,12.0,3.0,1.0,voip,0.0
2024-01-01 19:27:00,CELL_015,58.1,9.015,732.82,53,-99.3,-14.32,1.6322,1,link_8,40.0,4.0,1.0,file_transfer,0.0
2024-01-01 19:28:00,CELL_005,50.8,1.29,281.49,12,-117.0,-13.96,0.0413,1,link_9,77.0,5.0,1.0,http,0.0
2024-01-01 19:29:00,CELL_001,88.0,9.69,877.74,38,-74.8,-9.43,0.2253,1,link_10,89.0,1.0,0.0,video,0.0
2024-01-01 19:30:00,CELL_004,63.4,9.4,933.34,48,-115.1,-18.29,0.0957,1,link_1,19.0,3.0,1.0,video,0.0
2024-01-01 19:31:00,CELL_015,71.8,3.621,880.21,8,-86.6,-15.36,0.2711,1,link_2,55.0,4.0,1.0,voip,0.0
2024-01-01 19:32:00,CELL_020,69.7,9.251,805.55,41,-76.8,-9.64,1.0128,1,link_3,86.0,5.0,1.0,file_transfer,0.0
2024-01-01 19:33:00,CELL_019,55.1,12.097,78.75,234,-105.6,-16.03,0.7456,1,link_4,83.0,1.0,1.0,http,0.0
2024-01-01 19:34:00,CELL_003,64.0,4.141,1371.15,8,-77.7,-11.62,0.1407,1,link_5,50.0,2.0,1.0,video,0.0
2024-01-01 19:35:00,CELL_020,85.3,7.606,927.85,43,-109.0,-14.65,0.2541,1,link_6,16.0,3.0,1.0,voip,0.0
2024-01-01 19:36:00,CELL_011,51.8,2.297,217.04,9,-96.6,-4.24,0.0222,1,link_7,13.0,4.0,1.0,file_transfer,0.0
2024-01-01 19:37:00,CELL_017,73.8,9.16,832.26,56,-101.9,-14.45,0.5394,1,link_8,44.0,5.0,1.0,http,0.0
2024-01-01 19:38:00,CELL_013,67.7,5.134,776.15,41,-102.2,-11.12,0.514,1,link_9,80.0,1.0,0.0,video,0.0
2024-01-01 19:39:00,CELL_011,57.5,2.578,358.91,14,-78.9,-16.39,0.0127,1,link_10,88.0,2.0,1.0,voip,0.0
2024-01-01 19:40:00,CELL_002,80.8,5.065,1030.02,8,-113.6,-17.97,0.0034,1,link_1,22.0,4.0,1.0,voip,0.0
2024-01-01 19:41:00,CELL_009,63.5,6.48,952.27,39,-73.9,-4.19,0.8681,1,link_2,59.0,5.0,1.0,file_transfer,0.0
2024-01-01 19:42:00,CELL_002,64.1,1.242,281.12,10,-89.2,-6.02,0.043,1,link_3,87.0,1.0,1.0,http,0.0
2024-01-01 19:43:00,CELL_009,55.7,1.995,282.01,14,-118.6,-4.52,0.0794,1,link_4,81.0,2.0,1.0,video,0.0
2024-01-01 19:44:00,CELL_009,48.3,27.511,41.61,167,-103.7,-16.36,1.8181,1,link_5,46.0,3.0,1.0,voip,0.0
2024-01-01 19:45:00,CELL_008,70.1,6.966,895.14,48,-102.6,-11.17,0.4565,1,link_6,14.0,4.0,1.0,file_transfer,0.0
2024-01-01 19:46:00,CELL_017,69.1,1.863,255.1,8,-100.8,-4.39,0.043,1,link_7,15.0,5.0,1.0,http,0.0
2024-01-01 19:47:00,CELL_001,58.9,1.028,251.02,7,-82.2,-18.78,0.0196,1,link_8,48.0,1.0,0.0,video,0.0
2024-01-01 19:48:00,CELL_011,52.1,1.916,266.32,13,-101.1,-14.34,0.032,1,link_9,82.0,2.0,1.0,voip,0.0
2024-01-01 19:49:00,CELL_008,84.2,3.968,1512.52,6,-119.9,-18.69,0.0159,1,link_10,87.0,3.0,1.0,file_transfer,0.0
2024-01-01 19:50:00,CELL_010,25.3,22.359,72.48,200,-106.5,-11.48,1.0432,1,link_1,25.0,5.0,1.0,file_transfer,0.0
2024-01-01 19:51:00,CELL_007,55.4,8.0,641.14,48,-74.4,-18.43,0.5087,1,link_2,63.0,1.0,1.0,http,0.0
2024-01-01 19:52:00,CELL_003,55.0,2.072,246.17,12,-99.0,-18.24,0.2455,0,link_3,88.0,2.0,1.0,video,0.0
2024-01-01 19:53:00,CELL_003,69.0,11.333,791.38,44,-90.4,-7.36,0.1785,1,link_4,78.0,3.0,1.0,voip,0.0
2024-01-01 19:54:00,CELL_018,70.0,10.52,915.52,31,-79.3,-7.89,0.6481,1,link_5,42.0,4.0,1.0,file_transfer,0.0
2024-01-01 19:55:00,CELL_005,54.0,2.057,257.0,12,-106.7,-6.09,0.0727,1,link_6,12.0,5.0,1.0,http,0.0
2024-01-01 19:56:00,CELL_012,71.7,11.396,817.52,52,-88.2,-5.81,0.4347,1,link_7,17.0,1.0,0.0,video,0.0
2024-01-01 19:57:00,CELL_012,69.7,1.467,211.14,18,-119.0,-16.74,0.0066,1,link_8,52.0,2.0,1.0,voip,0.0
2024-01-01 19:58:00,CELL_019,88.8,4.771,976.01,9,-105.3,-3.23,0.4306,1,link_9,84.0,3.0,1.0,file_transfer,0.0
2024-01-01 19:59:00,CELL_006,86.3,11.89,1075.44,39,-115.6,-10.26,0.1231,1,link_10,85.0,4.0,1.0,http,0.0
2024-01-01 20:00:00,CELL_002,85.9,3.718,884.45,6,-107.4,-15.84,0.0759,1,link_1,28.0,1.0,1.0,http,0.0
2024-01-01 20:01:00,CELL_012,40.9,2.081,265.61,11,-80.8,-18.78,0.0014,1,link_2,66.0,2.0,1.0,video,0.0
2024-01-01 20:02:00,CELL_019,48.6,2.006,244.49,13,-82.8,-15.36,0.0188,1,link_3,89.0,3.0,1.0,voip,0.0
2024-01-01 20:03:00,CELL_005,29.3,26.513,63.0,224,-88.6,-16.51,2.2711,1,link_4,76.0,4.0,1.0,file_transfer,0.0
2024-01-01 20:04:00,CELL_012,77.0,8.81,1001.28,43,-86.9,-18.38,0.1417,1,link_5,38.0,5.0,1.0,http,0.0
2024-01-01 20:05:00,CELL_017,51.7,1.817,340.37,6,-90.0,-16.6,0.0127,1,link_6,11.0,1.0,0.0,video,0.0
2024-01-01 20:06:00,CELL_017,54.1,2.34,255.89,6,-115.8,-3.76,0.0129,1,link_7,19.0,2.0,1.0,voip,0.0
2024-01-01 20:07:00,CELL_010,79.4,8.172,780.33,39,-103.8,-12.16,0.1379,1,link_8,55.0,3.0,1.0,file_transfer,0.0
2024-01-01 20:08:00,CELL_017,66.4,4.635,972.91,5,-74.8,-16.97,0.246,1,link_9,86.0,4.0,1.0,http,0.0
2024-01-01 20:09:00,CELL_015,48.4,25.068,54.33,210,-84.3,-19.55,0.0982,1,link_10,83.0,5.0,1.0,video,0.0
2024-01-01 20:10:00,CELL_012,90.6,5.731,805.73,42,-70.2,-17.34,1.356,1,link_1,32.0,2.0,1.0,video,0.0
2024-01-01 20:11:00,CELL_016,83.4,10.538,909.06,39,-100.7,-14.9,0.5744,1,link_2,70.0,3.0,1.0,voip,0.0
2024-01-01 20:12:00,CELL_019,51.5,2.066,250.72,20,-82.2,-18.12,0.0412,1,link_3,89.0,4.0,1.0,file_transfer,0.0
2024-01-01 20:13:00,CELL_008,77.2,8.012,931.54,36,-75.6,-19.87,0.4285,1,link_4,72.0,5.0,1.0,http,0.0
2024-01-01 20:14:00,CELL_017,45.0,2.415,240.09,9,-116.7,-19.77,0.0371,1,link_5,34.0,1.0,0.0,video,0.0
2024-01-01 20:15:00,CELL_005,59.1,9.952,836.56,42,-94.6,-15.72,0.1901,1,link_6,10.0,2.0,1.0,voip,0.0
2024-01-01 20:16:00,CELL_016,49.7,1.924,262.3,21,-99.4,-11.9,0.034,1,link_7,22.0,3.0,1.0,file_transfer,0.0
2024-01-01 20:17:00,CELL_006,76.4,10.106,786.33,43,-75.3,-17.46,0.7827,1,link_8,59.0,4.0,1.0,http,0.0
2024-01-01 20:18:00,CELL_008,61.8,11.86,950.39,46,-87.1,-3.04,0.7501,1,link_9,87.0,5.0,1.0,video,0.0
2024-01-01 20:19:00,CELL_018,52.1,2.531,340.25,11,-103.2,-11.73,0.0799,1,link_10,81.0,1.0,1.0,voip,0.0
2024-01-01 20:20:00,CELL_012,59.0,1.45,190.54,9,-104.7,-19.39,0.0858,1,link_1,35.0,3.0,1.0,voip,0.0
2024-01-01 20:21:00,CELL_015,80.1,2.003,1310.75,10,-102.2,-17.53,0.1628,1,link_2,73.0,4.0,1.0,file_transfer,0.0
2024-01-01 20:22:00,CELL_009,46.7,19.738,53.91,198,-83.5,-3.53,0.3643,1,link_3,89.0,5.0,1.0,http,0.0
2024-01-01 20:23:00,CELL_013,69.8,7.921,929.1,36,-71.4,-6.23,0.1526,1,link_4,69.0,1.0,0.0,video,0.0
2024-01-01 20:24:00,CELL_015,66.6,9.922,912.67,45,-88.9,-15.79,0.288,1,link_5,31.0,2.0,1.0,voip,0.0
2024-01-01 20:25:00,CELL_010,20.1,34.014,43.22,197,-102.2,-9.27,0.1695,1,link_6,10.0,3.0,1.0,file_transfer,0.0
2024-01-01 20:26:00,CELL_016,80.6,5.047,1289.85,11,-116.8,-11.03,0.4654,1,link_7,25.0,4.0,1.0,http,0.0
2024-01-01 20:27:00,CELL_007,37.3,14.304,47.5,230,-86.0,-16.06,0.514,1,link_8,63.0,5.0,1.0,video,0.0
2024-01-01 20:28:00,CELL_017,88.4,10.499,560.88,44,-91.4,-10.71,1.6296,1,link_9,89.0,1.0,1.0,voip,0.0
2024-01-01 20:29:00,CELL_007,66.5,4.682,859.23,10,-78.1,-16.82,0.7231,0,link_10,78.0,2.0,1.0,file_transfer,0.0
2024-01-01 20:30:00,CELL_014,70.7,8.917,813.87,33,-76.9,-9.94,0.4791,1,link_1,39.0,4.0,1.0,file_transfer,0.0
2024-01-01 20:31:00,CELL_015,37.1,21.93,66.16,192,-87.5,-9.6,1.7439,1,link_2,76.0,5.0,1.0,http,0.0
2024-01-01 20:32:00,CELL_007,85.6,4.544,1178.54,13,-73.7,-3.29,0.069,1,link_3,89.0,1.0,0.0,video,0.0
2024-01-01 20:33:00,CELL_009,68.5,6.846,728.83,40,-117.4,-19.73,0.5373,1,link_4,65.0,2.0,1.0,voip,0.0
2024-01-01 20:34:00,CELL_019,72.2,6.552,1407.06,9,-81.6,-7.65,0.0531,1,link_5,27.0,3.0,1.0,file_transfer,0.0
2024-01-01 20:35:00,CELL_016,56.4,9.369,790.37,43,-101.0,-19.84,0.0104,1,link_6,10.0,4.0,1.0,http,0.0
2024-01-01 20:36:00,CELL_008,73.0,4.881,1438.81,13,-116.9,-13.46,0.1988,1,link_7,29.0,5.0,1.0,video,0.0
2024-01-01 20:37:00,CELL_018,61.8,4.92,1240.7,42,-102.3,-14.54,0.1492,1,link_8,67.0,1.0,1.0,voip,0.0
2024-01-01 20:38:00,CELL_018,82.3,5.187,1177.36,6,-70.9,-17.1,0.2345,1,link_9,89.0,2.0,1.0,file_transfer,0.0
2024-01-01 20:39:00,CELL_020,83.3,11.166,726.9,35,-86.3,-12.85,0.0941,1,link_10,75.0,3.0,1.0,http,0.0
2024-01-01 20:40:00,CELL_007,47.5,25.412,35.74,185,-115.1,-10.68,2.3701,1,link_1,43.0,5.0,1.0,http,0.0
2024-01-01 20:41:00,CELL_003,39.3,1.902,314.41,10,-84.8,-7.4,0.0115,1,link_2,79.0,1.0,0.0,video,0.0
2024-01-01 20:42:00,CELL_018,53.1,1.643,278.1,9,-75.9,-9.54,0.0273,1,link_3,88.0,2.0,1.0,voip,0.0
2024-01-01 20:43:00,CELL_010,86.6,7.397,720.97,41,-72.7,-7.5,0.264,1,link_4,62.0,3.0,1.0,file_transfer,0.0
2024-01-01 20:44:00,CELL_007,32.5,30.993,64.68,173,-116.5,-9.95,0.0948,1,link_5,24.0,4.0,1.0,http,0.0
2024-01-01 20:45:00,CELL_017,65.7,9.198,686.57,46,-73.9,-14.94,0.8117,1,link_6,10.0,5.0,1.0,video,0.0
2024-01-01 20:46:00,CELL_014,45.2,1.595,264.64,10,-105.0,-7.4,0.0106,1,link_7,32.0,1.0,1.0,voip,0.0
2024-01-01 20:47:00,CELL_003,70.5,8.907,707.78,41,-106.8,-11.24,0.3826,1,link_8,70.0,2.0,1.0,file_transfer,0.0
2024-01-01 20:48:00,CELL_012,89.1,4.857,1135.93,4,-70.8,-3.19,0.0221,1,link_9,89.0,3.0,1.0,http,0.0
2024-01-01 20:49:00,CELL_013,81.2,11.796,884.48,44,-111.6,-3.29,1.5109,1,link_10,72.0,4.0,1.0,video,0.0
2024-01-01 20:50:00,CELL_002,60.8,8.491,782.64,45,-77.9,-16.0,1.5546,1,link_1,47.0,1.0,0.0,video,0.0
2024-01-01 20:51:00,CELL_003,55.8,5.11,833.6,45,-115.7,-19.63,1.1453,1,link_2,82.0,2.0,1.0,voip,0.0
2024-01-01 20:52:00,CELL_005,50.0,2.58,265.95,12,-95.3,-19.14,0.1044,0,link_3,87.0,3.0,1.0,file_transfer,0.0
2024-01-01 20:53:00,CELL_011,65.4,8.49,930.19,44,-100.3,-17.66,0.1211,1,link_4,58.0,4.0,1.0,http,0.0
2024-01-01 20:54:00,CELL_008,45.9,1.799,309.68,8,-118.0,-16.13,0.0316,1,link_5,21.0,5.0,1.0,video,0.0
2024-01-01 20:55:00,CELL_012,44.3,25.428,29.46,202,-78.9,-16.88,2.0277,1,link_6,10.0,1.0,1.0,voip,0.0
2024-01-01 20:56:00,CELL_007,40.1,16.135,63.71,197,-94.0,-15.7,0.3399,1,link_7,36.0,2.0,1.0,file_transfer,0.0
2024-01-01 20:57:00,CELL_015,44.5,2.042,258.55,16,-108.8,-3.72,0.0358,1,link_8,74.0,3.0,1.0,http,0.0
2024-01-01 20:58:00,CELL_017,84.6,8.218,767.04,51,-88.0,-11.95,1.7588,1,link_9,89.0,4.0,1.0,video,0.0
2024-01-01 20:59:00,CELL_004,47.0,1.763,234.2,14,-91.0,-14.68,0.0434,1,link_10,68.0,5.0,1.0,voip,0.0
2024-01-01 21:00:00,CELL_013,89.0,6.409,765.18,55,-89.3,-3.11,0.3882,1,link_1,51.0,2.0,1.0,voip,0.0
2024-01-01 21:01:00,CELL_018,14.2,31.459,49.55,219,-115.2,-8.9,0.4767,1,link_2,84.0,3.0,1.0,file_transfer,0.0
2024-01-01 21:02:00,CELL_001,51.5,3.629,894.99,30,-115.7,-6.37,0.5286,1,link_3,85.0,4.0,1.0,http,0.0
2024-01-01 21:03:00,CELL_016,45.0,2.103,232.86,10,-72.4,-12.2,0.1543,0,link_4,54.0,5.0,1.0,video,0.0
2024-01-01 21:04:00,CELL_013,72.3,8.789,987.22,47,-108.0,-10.54,0.6412,1,link_5,18.0,1.0,1.0,voip,0.0
2024-01-01 21:05:00,CELL_010,45.8,16.852,43.13,192,-101.2,-8.67,0.1176,1,link_6,12.0,2.0,1.0,file_transfer,0.0
2024-01-01 21:06:00,CELL_012,51.2,7.815,642.93,44,-105.9,-13.15,0.0146,1,link_7,40.0,3.0,1.0,http,0.0
2024-01-01 21:07:00,CELL_002,48.9,1.974,227.83,17,-110.3,-12.83,0.0114,1,link_8,77.0,4.0,1.0,video,0.0
2024-01-01 21:08:00,CELL_003,93.3,11.324,938.65,54,-117.0,-17.98,0.5534,1,link_9,89.0,5.0,1.0,voip,0.0
2024-01-01 21:09:00,CELL_010,31.7,18.537,47.61,185,-76.9,-11.55,0.6663,1,link_10,65.0,1.0,1.0,file_transfer,0.0
2024-01-01 21:10:00,CELL_002,65.7,4.897,1180.06,6,-100.3,-14.93,0.6164,0,link_1,55.0,3.0,1.0,file_transfer,0.0
2024-01-01 21:11:00,CELL_013,57.2,1.494,222.95,10,-115.6,-16.56,0.0325,1,link_2,86.0,4.0,1.0,http,0.0
2024-01-01 21:12:00,CELL_013,60.7,1.418,253.02,11,-81.3,-15.7,0.222,0,link_3,83.0,5.0,1.0,video,0.0
2024-01-01 21:13:00,CELL_018,61.5,3.231,1138.84,5,-70.7,-17.0,0.0727,1,link_4,50.0,1.0,1.0,voip,0.0
2024-01-01 21:14:00,CELL_003,50.2,2.516,360.04,11,-77.6,-12.89,0.0233,1,link_5,16.0,2.0,1.0,file_transfer,0.0
2024-01-01 21:15:00,CELL_007,42.5,1.452,330.54,14,-112.3,-9.63,0.0841,1,link_6,13.0,3.0,1.0,http,0.0
2024-01-01 21:16:00,CELL_014,56.2,2.073,300.81,13,-86.8,-11.9,0.0095,1,link_7,44.0,4.0,1.0,video,0.0
2024-01-01 21:17:00,CELL_020,62.8,1.439,272.74,8,-70.6,-17.33,0.0536,1,link_8,80.0,5.0,1.0,voip,0.0
2024-01-01 21:18:00,CELL_017,60.6,12.259,852.04,38,-93.7,-9.72,0.1743,1,link_9,88.0,1.0,1.0,file_transfer,0.0
2024-01-01 21:19:00,CELL_012,34.2,32.613,43.74,203,-79.9,-16.89,0.4587,1,link_10,61.0,2.0,1.0,http,0.0
2024-01-01 21:20:00,CELL_016,51.1,1.834,268.99,8,-85.7,-17.14,0.037,1,link_1,59.0,4.0,1.0,http,0.0
2024-01-01 21:21:00,CELL_012,56.5,10.323,947.22,45,-86.6,-4.79,0.5326,1,link_2,87.0,5.0,1.0,video,0.0
2024-01-01 21:22:00,CELL_015,37.3,14.383,45.91,190,-99.3,-4.37,0.1517,1,link_3,81.0,1.0,1.0,voip,0.0
2024-01-01 21:23:00,CELL_010,72.8,6.532,749.15,41,-79.9,-11.82,0.2988,1,link_4,46.0,2.0,1.0,file_transfer,0.0
2024-01-01 21:24:00,CELL_007,72.3,9.391,871.52,50,-103.8,-13.68,0.1907,1,link_5,14.0,3.0,1.0,http,0.0
2024-01-01 21:25:00,CELL_020,54.4,1.288,221.74,19,-75.0,-8.11,0.0431,1,link_6,15.0,4.0,1.0,video,0.0
2024-01-01 21:26:00,CELL_005,34.4,14.516,49.44,193,-118.5,-12.41,3.2756,1,link_7,48.0,5.0,1.0,voip,0.0
2024-01-01 21:27:00,CELL_001,32.2,22.531,55.33,167,-92.7,-6.86,0.5993,1,link_8,82.0,1.0,1.0,file_transfer,0.0
2024-01-01 21:28:00,CELL_017,64.0,4.734,1220.63,12,-90.8,-10.5,0.021,1,link_9,87.0,2.0,1.0,http,0.0
2024-01-01 21:29:00,CELL_003,36.2,16.633,54.93,214,-76.7,-5.85,0.6962,1,link_10,57.0,3.0,1.0,video,0.0
2024-01-01 21:30:00,CELL_013,85.5,11.907,793.95,45,-92.6,-8.92,0.7085,1,link_1,63.0,5.0,1.0,video,0.0
2024-01-01 21:31:00,CELL_014,57.6,8.298,802.91,47,-101.7,-8.4,0.0496,1,link_2,88.0,1.0,1.0,voip,0.0
2024-01-01 21:32:00,CELL_018,39.8,34.832,71.43,197,-118.7,-19.86,0.5041,1,link_3,78.0,2.0,1.0,file_transfer,0.0
2024-01-01 21:33:00,CELL_004,64.6,9.902,894.11,43,-107.6,-19.16,1.1756,1,link_4,42.0,3.0,1.0,http,0.0
2024-01-01 21:34:00,CELL_018,52.4,2.131,339.79,16,-80.9,-19.1,0.0184,1,link_5,12.0,4.0,1.0,video,0.0
2024-01-01 21:35:00,CELL_005,51.1,2.068,211.04,13,-100.5,-17.69,0.1509,0,link_6,17.0,5.0,1.0,voip,0.0
2024-01-01 21:36:00,CELL_016,96.1,12.126,716.12,43,-109.5,-19.35,1.1328,1,link_7,52.0,1.0,1.0,file_transfer,0.0
2024-01-01 21:37:00,CELL_001,82.5,5.542,1224.74,5,-102.5,-8.72,0.0052,1,link_8,84.0,2.0,1.0,http,0.0
2024-01-01 21:38:00,CELL_014,34.9,1.598,228.3,20,-77.7,-3.2,0.0383,1,link_9,85.0,3.0,1.0,video,0.0
2024-01-01 21:39:00,CELL_015,67.0,1.438,231.22,10,-110.8,-17.9,0.0265,1,link_10,53.0,4.0,1.0,voip,0.0
2024-01-01 21:40:00,CELL_009,67.0,4.448,952.62,4,-87.4,-17.02,0.1721,1,link_1,66.0,1.0,1.0,voip,0.0
2024-01-01 21:41:00,CELL_015,42.5,1.767,191.85,10,-98.6,-12.03,0.0307,1,link_2,89.0,2.0,1.0,file_transfer,0.0
2024-01-01 21:42:00,CELL_017,70.4,9.478,776.42,47,-115.4,-10.47,0.0543,1,link_3,76.0,3.0,1.0,http,0.0
2024-01-01 21:43:00,CELL_004,46.6,2.315,204.56,10,-109.1,-6.74,0.0831,1,link_4,38.0,4.0,1.0,video,0.0
2024-01-01 21:44:00,CELL_012,34.2,17.452,54.17,236,-91.7,-12.92,2.3216,1,link_5,11.0,5.0,1.0,voip,0.0
2024-01-01 21:45:00,CELL_005,35.3,30.004,51.06,189,-103.4,-18.4,0.8314,1,link_6,19.0,1.0,1.0,file_transfer,0.0
2024-01-01 21:46:00,CELL_005,45.4,19.844,48.69,218,-100.4,-12.13,0.584,1,link_7,55.0,2.0,1.0,http,0.0
2024-01-01 21:47:00,CELL_011,41.5,23.265,30.48,194,-79.0,-19.5,1.136,1,link_8,86.0,3.0,1.0,video,0.0
2024-01-01 21:48:00,CELL_006,64.7,7.252,928.75,43,-115.5,-15.56,1.2662,1,link_9,83.0,4.0,1.0,voip,0.0
2024-01-01 21:49:00,CELL_007,51.1,25.492,35.2,203,-78.1,-8.13,0.7297,1,link_10,49.0,5.0,1.0,file_transfer,0.0
2024-01-01 21:50:00,CELL_014,28.0,44.93,45.85,188,-109.7,-16.59,0.9008,1,link_1,70.0,2.0,1.0,file_transfer,0.0
2024-01-01 21:51:00,CELL_011,69.1,8.12,643.77,50,-72.0,-17.14,0.467,1,link_2,89.0,3.0,1.0,http,0.0
2024-01-01 21:52:00,CELL_013,73.0,9.037,895.19,39,-79.1,-7.44,0.5983,1,link_3,72.0,4.0,1.0,video,0.0
2024-01-01 21:53:00,CELL_002,70.8,4.111,1127.96,5,-108.9,-16.35,0.2035,1,link_4,34.0,5.0,1.0,voip,0.0
2024-01-01 21:54:00,CELL_007,29.7,21.265,47.5,180,-107.4,-19.82,0.9557,1,link_5,10.0,1.0,1.0,file_transfer,0.0
2024-01-01 21:55:00,CELL_020,53.1,22.941,29.96,210,-97.4,-16.95,6.1429,0,link_6,22.0,2.0,1.0,http,0.0
2024-01-01 21:56:00,CELL_004,41.8,17.591,34.01,224,-74.9,-19.91,0.0124,1,link_7,59.0,3.0,1.0,video,0.0
2024-01-01 21:57:00,CELL_008,51.7,1.504,356.47,12,-101.6,-9.42,0.0303,1,link_8,87.0,4.0,1.0,voip,0.0
2024-01-01 21:58:00,CELL_020,56.1,1.872,206.52,13,-83.9,-15.21,0.0936,1,link_9,81.0,5.0,1.0,file_transfer,0.0
2024-01-01 21:59:00,CELL_019,46.2,2.314,315.2,6,-115.1,-9.95,0.0325,1,link_10,45.0,1.0,1.0,http,0.0
2024-01-01 22:00:00,CELL_013,61.8,9.453,740.94,44,-75.5,-9.46,0.2326,1,link_1,73.0,3.0,1.0,http,0.0
2024-01-01 22:01:00,CELL_014,35.3,26.24,33.47,226,-85.0,-19.5,1.1871,1,link_2,89.0,4.0,1.0,video,0.0
2024-01-01 22:02:00,CELL_010,59.9,2.557,224.51,11,-118.7,-16.3,0.0584,1,link_3,69.0,5.0,1.0,voip,0.0
2024-01-01 22:03:00,CELL_011,53.8,2.477,285.46,7,-77.0,-3.51,0.0123,1,link_4,31.0,1.0,1.0,file_transfer,0.0
2024-01-01 22:04:00,CELL_002,44.8,1.388,263.03,12,-88.1,-9.96,0.0786,1,link_5,10.0,2.0,1.0,http,0.0
2024-01-01 22:05:00,CELL_009,58.3,1.358,301.55,10,-100.1,-5.81,0.0162,1,link_6,25.0,3.0,1.0,video,0.0
2024-01-01 22:06:00,CELL_017,78.5,8.944,803.91,39,-119.5,-6.72,0.1545,1,link_7,63.0,4.0,1.0,voip,0.0
2024-01-01 22:07:00,CELL_003,78.9,9.429,955.14,50,-96.2,-6.13,0.0387,1,link_8,89.0,5.0,1.0,file_transfer,0.0
2024-01-01 22:08:00,CELL_006,84.1,9.461,713.99,41,-99.4,-7.94,0.1282,1,link_9,78.0,1.0,1.0,http,0.0
2024-01-01 22:09:00,CELL_005,72.1,8.002,707.83,46,-81.1,-4.85,1.2776,1,link_10,41.0,2.0,1.0,video,0.0
2024-01-01 22:10:00,CELL_005,83.3,4.928,768.93,5,-115.6,-7.08,0.0124,1,link_1,76.0,4.0,1.0,video,0.0
2024-01-01 22:11:00,CELL_015,74.9,4.455,741.67,42,-114.0,-6.75,0.2605,1,link_2,89.0,5.0,1.0,voip,0.0
2024-01-01 22:12:00,CELL_017,71.5,10.197,725.79,47,-70.3,-7.82,0.9927,1,link_3,65.0,1.0,1.0,file_transfer,0.0
2024-01-01 22:13:00,CELL_009,74.2,2.478,240.29,14,-94.0,-16.47,0.0022,1,link_4,27.0,2.0,1.0,http,0.0
2024-01-01 22:14:00,CELL_003,51.2,2.544,275.79,15,-70.6,-9.6,0.0009,1,link_5,10.0,3.0,1.0,video,0.0
2024-01-01 22:15:00,CELL_020,70.0,6.67,947.87,60,-107.3,-18.78,0.6006,1,link_6,29.0,4.0,1.0,voip,0.0
2024-01-01 22:16:00,CELL_017,58.1,29.313,51.08,187,-80.0,-14.34,0.5657,1,link_7,67.0,5.0,1.0,file_transfer,0.0
2024-01-01 22:17:00,CELL_010,27.2,32.749,27.9,223,-72.0,-16.34,3.2643,1,link_8,89.0,1.0,1.0,http,0.0
2024-01-01 22:18:00,CELL_003,88.2,8.188,842.93,49,-76.8,-11.04,1.7187,1,link_9,75.0,2.0,1.0,video,0.0
2024-01-01 22:19:00,CELL_018,89.4,6.621,812.77,48,-108.0,-4.51,0.3802,1,link_10,37.0,3.0,1.0,voip,0.0
2024-01-01 22:20:00,CELL_018,87.8,3.928,1372.56,7,-91.4,-11.2,0.0674,1,link_1,79.0,5.0,1.0,voip,0.0
2024-01-01 22:21:00,CELL_017,48.4,33.456,17.9,198,-112.6,-8.7,2.7333,1,link_2,88.0,1.0,1.0,file_transfer,0.0
2024-01-01 22:22:00,CELL_003,50.4,1.16,233.53,12,-86.4,-14.61,0.0338,1,link_3,62.0,2.0,1.0,http,0.0
2024-01-01 22:23:00,CELL_003,56.1,7.266,1020.59,48,-92.6,-10.07,0.4494,1,link_4,24.0,3.0,1.0,video,0.0
2024-01-01 22:24:00,CELL_006,55.1,1.272,219.79,8,-82.1,-7.19,0.0878,1,link_5,10.0,4.0,1.0,voip,0.0
2024-01-01 22:25:00,CELL_013,51.6,1.731,295.6,16,-91.3,-13.85,0.0254,1,link_6,32.0,5.0,1.0,file_transfer,0.0
2024-01-01 22:26:00,CELL_015,70.4,6.26,981.13,50,-107.3,-15.54,0.3115,1,link_7,70.0,1.0,1.0,http,0.0
2024-01-01 22:27:00,CELL_009,67.1,1.038,179.13,13,-88.0,-12.67,0.0042,1,link_8,89.0,2.0,1.0,video,0.0
2024-01-01 22:28:00,CELL_004,67.1,1.173,352.07,9,-96.9,-16.7,0.0466,1,link_9,72.0,3.0,1.0,voip,0.0
2024-01-01 22:29:00,CELL_014,81.5,8.129,873.97,49,-77.6,-18.27,0.1194,1,link_10,34.0,4.0,1.0,file_transfer,0.0
2024-01-01 22:30:00,CELL_005,27.1,30.396,47.97,208,-71.0,-4.68,2.4411,1,link_1,82.0,1.0,1.0,file_transfer,0.0
2024-01-01 22:31:00,CELL_002,37.5,26.466,48.16,206,-101.3,-9.18,1.4131,1,link_2,87.0,2.0,1.0,http,0.0
2024-01-01 22:32:00,CELL_011,74.7,11.517,917.63,41,-100.9,-12.07,0.3614,1,link_3,58.0,3.0,1.0,video,0.0
2024-01-01 22:33:00,CELL_009,20.5,17.604,53.76,186,-92.1,-9.61,0.0976,1,link_4,21.0,4.0,1.0,voip,0.0
2024-01-01 22:34:00,CELL_003,72.1,9.048,847.34,36,-113.2,-11.74,0.168,1,link_5,10.0,5.0,1.0,file_transfer,0.0
2024-01-01 22:35:00,CELL_009,29.3,29.768,45.32,205,-94.8,-5.73,1.0218,1,link_6,36.0,1.0,1.0,http,0.0
2024-01-01 22:36:00,CELL_003,63.6,6.054,837.99,49,-88.0,-4.79,0.2142,1,link_7,74.0,2.0,1.0,video,0.0
2024-01-01 22:37:00,CELL_002,93.3,14.203,856.16,41,-72.8,-6.32,0.6138,1,link_8,89.0,3.0,1.0,voip,0.0
2024-01-01 22:38:00,CELL_012,46.0,1.657,161.43,17,-71.4,-19.86,0.041,1,link_9,68.0,4.0,1.0,file_transfer,0.0
2024-01-01 22:39:00,CELL_010,60.3,1.828,250.99,8,-104.8,-17.25,0.0606,1,link_10,30.0,5.0,1.0,http,0.0
2024-01-01 22:40:00,CELL_009,60.1,3.784,1265.56,10,-109.3,-8.77,0.0481,1,link_1,84.0,2.0,1.0,http,0.0
2024-01-01 22:41:00,CELL_015,56.3,11.043,788.54,49,-110.9,-15.82,0.242,1,link_2,85.0,3.0,1.0,video,0.0
2024-01-01 22:42:00,CELL_008,64.5,7.845,838.1,49,-71.9,-9.17,0.229,1,link_3,54.0,4.0,1.0,voip,0.0
2024-01-01 22:43:00,CELL_005,51.2,2.49,222.68,13,-118.6,-7.53,0.087,1,link_4,18.0,5.0,1.0,file_transfer,0.0
2024-01-01 22:44:00,CELL_011,59.9,2.194,291.76,9,-83.8,-6.85,0.0625,1,link_5,12.0,1.0,1.0,http,0.0
2024-01-01 22:45:00,CELL_002,81.3,10.446,909.51,46,-94.4,-10.18,0.2819,1,link_6,40.0,2.0,1.0,video,0.0
2024-01-01 22:46:00,CELL_015,63.6,1.754,261.45,12,-106.0,-11.09,0.0407,1,link_7,77.0,3.0,1.0,voip,0.0
2024-01-01 22:47:00,CELL_006,49.0,22.36,24.25,177,-109.6,-11.35,0.2737,1,link_8,89.0,4.0,1.0,file_transfer,0.0
2024-01-01 22:48:00,CELL_008,45.9,23.462,51.42,197,-88.6,-4.43,0.311,1,link_9,65.0,5.0,1.0,http,0.0
2024-01-01 22:49:00,CELL_005,71.9,6.643,925.89,9,-84.0,-8.27,0.1878,1,link_10,27.0,1.0,1.0,video,0.0
2024-01-01 22:50:00,CELL_016,67.5,8.88,869.64,41,-83.5,-5.66,0.6513,1,link_1,86.0,3.0,1.0,video,0.0
2024-01-01 22:51:00,CELL_018,39.0,38.662,43.69,211,-95.1,-6.81,0.4327,1,link_2,83.0,4.0,1.0,voip,0.0
2024-01-01 22:52:00,CELL_006,43.6,9.924,725.39,41,-89.4,-15.21,0.0779,1,link_3,50.0,5.0,1.0,file_transfer,0.0
2024-01-01 22:53:00,CELL_005,45.7,1.088,328.1,12,-113.4,-17.77,0.0095,1,link_4,16.0,1.0,1.0,http,0.0
2024-01-01 22:54:00,CELL_016,55.4,2.183,330.41,6,-117.1,-15.33,0.1417,0,link_5,13.0,2.0,1.0,video,0.0
2024-01-01 22:55:00,CELL_013,61.7,4.991,1069.6,7,-74.7,-10.84,0.0766,1,link_6,44.0,3.0,1.0,voip,0.0
2024-01-01 22:56:00,CELL_005,37.4,14.982,42.26,192,-92.1,-18.35,6.3543,0,link_7,80.0,4.0,1.0,file_transfer,0.0
2024-01-01 22:57:00,CELL_013,82.9,5.788,1010.93,6,-85.7,-10.67,0.1543,1,link_8,88.0,5.0,1.0,http,0.0
2024-01-01 22:58:00,CELL_017,31.6,24.132,47.9,197,-102.2,-4.52,0.4111,1,link_9,61.0,1.0,1.0,video,0.0
2024-01-01 22:59:00,CELL_018,56.4,4.315,1115.12,6,-81.0,-16.63,0.1525,1,link_10,23.0,2.0,1.0,voip,0.0
2024-01-01 23:00:00,CELL_008,35.1,17.856,33.25,199,-81.9,-14.37,0.2057,1,link_1,87.0,4.0,1.0,voip,0.0
2024-01-01 23:01:00,CELL_013,65.8,1.526,252.76,8,-93.0,-4.54,0.2244,0,link_2,81.0,5.0,1.0,file_transfer,0.0
2024-01-01 23:02:00,CELL_019,69.3,6.667,831.67,49,-101.9,-8.58,0.5776,1,link_3,46.0,1.0,1.0,http,0.0
2024-01-01 23:03:00,CELL_003,65.3,9.769,901.49,50,-84.5,-13.44,0.1241,1,link_4,14.0,2.0,1.0,video,0.0
2024-01-01 23:04:00,CELL_008,90.6,10.308,830.07,42,-115.1,-14.98,0.2142,1,link_5,15.0,3.0,1.0,voip,0.0
2024-01-01 23:05:00,CELL_002,54.4,1.998,356.37,15,-107.2,-10.09,0.0529,1,link_6,48.0,4.0,1.0,file_transfer,0.0
2024-01-01 23:06:00,CELL_008,46.3,1.639,304.4,10,-101.6,-12.26,0.2235,0,link_7,82.0,5.0,1.0,http,0.0
2024-01-01 23:07:00,CELL_013,50.3,1.748,283.66,14,-70.3,-8.41,0.0029,1,link_8,87.0,1.0,1.0,video,0.0
2024-01-01 23:08:00,CELL_013,70.5,5.232,1277.86,8,-105.7,-4.89,0.0374,1,link_9,57.0,2.0,1.0,voip,0.0
2024-01-01 23:09:00,CELL_001,85.7,6.706,1107.27,9,-92.7,-19.31,0.5112,0,link_10,21.0,3.0,1.0,file_transfer,0.0
2024-01-01 23:10:00,CELL_006,98.3,6.105,825.01,54,-72.8,-18.81,2.1058,0,link_1,88.0,5.0,1.0,file_transfer,0.0
2024-01-01 23:11:00,CELL_019,71.4,10.248,1034.3,32,-103.5,-6.14,0.3344,1,link_2,78.0,1.0,1.0,http,0.0
2024-01-01 23:12:00,CELL_016,67.8,1.52,269.69,13,-89.8,-9.9,0.0261,1,link_3,42.0,2.0,1.0,video,0.0
2024-01-01 23:13:00,CELL_008,77.7,8.618,940.65,48,-113.6,-9.56,1.3531,1,link_4,12.0,3.0,1.0,voip,0.0
2024-01-01 23:14:00,CELL_001,31.3,30.846,53.94,220,-115.6,-5.47,0.3391,1,link_5,17.0,4.0,1.0,file_transfer,0.0
2024-01-01 23:15:00,CELL_016,59.1,1.173,271.2,15,-104.2,-5.65,0.0944,1,link_6,52.0,5.0,1.0,http,0.0
2024-01-01 23:16:00,CELL_009,45.6,2.014,232.24,16,-71.4,-4.08,0.0012,1,link_7,84.0,1.0,1.0,video,0.0
2024-01-01 23:17:00,CELL_013,41.6,15.788,25.27,178,-73.4,-11.01,0.0609,1,link_8,85.0,2.0,1.0,voip,0.0
2024-01-01 23:18:00,CELL_011,28.5,23.922,48.93,199,-86.1,-11.13,1.1784,1,link_9,53.0,3.0,1.0,file_transfer,0.0
2024-01-01 23:19:00,CELL_013,69.1,8.893,876.29,51,-110.1,-18.13,0.4155,1,link_10,18.0,4.0,1.0,http,0.0
2024-01-01 23:20:00,CELL_010,22.5,20.41,38.96,219,-99.5,-9.96,1.0202,1,link_1,89.0,1.0,1.0,http,0.0
2024-01-01 23:21:00,CELL_004,51.2,2.106,260.37,7,-74.2,-8.8,0.1988,0,link_2,76.0,2.0,1.0,video,0.0
2024-01-01 23:22:00,CELL_006,53.9,6.364,746.13,53,-72.2,-17.64,0.3313,1,link_3,38.0,3.0,1.0,voip,0.0
2024-01-01 23:23:00,CELL_007,67.3,7.054,689.21,58,-81.5,-9.1,0.3372,1,link_4,11.0,4.0,1.0,file_transfer,0.0
2024-01-01 23:24:00,CELL_005,56.6,2.555,234.31,11,-98.4,-9.64,0.1191,0,link_5,19.0,5.0,1.0,http,0.0
2024-01-01 23:25:00,CELL_011,61.5,9.131,1050.75,42,-86.3,-10.24,1.1169,1,link_6,55.0,1.0,1.0,video,0.0
2024-01-01 23:26:00,CELL_013,64.0,12.667,954.86,41,-109.1,-11.79,0.7999,1,link_7,86.0,2.0,1.0,voip,0.0
2024-01-01 23:27:00,CELL_019,44.7,2.476,295.95,6,-81.8,-18.51,0.0107,1,link_8,83.0,3.0,1.0,file_transfer,0.0
2024-01-01 23:28:00,CELL_010,13.3,18.595,54.53,200,-95.2,-6.27,0.3937,1,link_9,49.0,4.0,1.0,http,0.0
2024-01-01 23:29:00,CELL_010,75.3,10.843,831.86,54,-94.3,-15.29,0.0052,1,link_10,16.0,5.0,1.0,video,0.0
2024-01-01 23:30:00,CELL_011,73.7,9.372,1016.16,45,-92.9,-13.62,0.0424,1,link_1,89.0,2.0,1.0,video,0.0
2024-01-01 23:31:00,CELL_007,48.4,40.886,44.05,204,-97.8,-9.47,0.1835,1,link_2,72.0,3.0,1.0,voip,0.0
2024-01-01 23:32:00,CELL_018,53.9,9.678,768.53,48,-107.2,-16.56,0.3266,1,link_3,34.0,4.0,1.0,file_transfer,0.0
2024-01-01 23:33:00,CELL_004,92.2,2.545,1149.73,3,-111.1,-5.99,0.4579,1,link_4,10.0,5.0,1.0,http,0.0
2024-01-01 23:34:00,CELL_002,52.0,2.235,215.51,12,-88.0,-6.8,0.0551,1,link_5,22.0,1.0,1.0,video,0.0
2024-01-01 23:35:00,CELL_014,53.8,7.633,682.09,44,-72.8,-14.16,0.0822,1,link_6,59.0,2.0,1.0,voip,0.0
2024-01-01 23:36:00,CELL_013,50.0,9.753,993.92,44,-75.1,-18.3,1.1844,1,link_7,87.0,3.0,1.0,file_transfer,0.0
2024-01-01 23:37:00,CELL_012,71.8,10.853,732.84,45,-112.5,-6.87,1.1536,1,link_8,81.0,4.0,1.0,http,0.0
2024-01-01 23:38:00,CELL_007,82.3,9.502,898.28,38,-81.5,-18.42,0.0559,1,link_9,45.0,5.0,1.0,video,0.0
2024-01-01 23:39:00,CELL_002,71.9,10.893,894.53,45,-95.2,-9.99,0.0452,1,link_10,14.0,1.0,0.0,voip,1.0
2024-01-01 23:40:00,CELL_013,60.4,2.083,208.98,12,-71.8,-20.0,0.0069,1,link_1,89.0,3.0,1.0,voip,0.0
2024-01-01 23:41:00,CELL_014,58.1,11.004,1029.39,34,-118.9,-4.9,0.0231,1,link_2,69.0,4.0,1.0,file_transfer,0.0
2024-01-01 23:42:00,CELL_017,44.3,1.425,279.26,10,-105.8,-3.02,0.1488,0,link_3,31.0,5.0,1.0,http,0.0
2024-01-01 23:43:00,CELL_009,40.6,1.478,188.53,11,-85.0,-19.26,0.2305,0,link_4,10.0,1.0,1.0,video,0.0
2024-01-01 23:44:00,CELL_017,73.2,5.943,641.79,48,-117.2,-9.47,0.1404,1,link_5,25.0,2.0,1.0,voip,0.0
2024-01-01 23:45:00,CELL_008,77.9,6.509,1117.92,45,-81.1,-3.35,0.4778,1,link_6,63.0,3.0,1.0,file_transfer,0.0
2024-01-01 23:46:00,CELL_002,35.9,7.776,698.75,33,-83.2,-16.62,0.3398,1,link_7,89.0,4.0,1.0,http,0.0
2024-01-01 23:47:00,CELL_013,81.4,5.405,714.19,46,-116.6,-10.38,0.535,1,link_8,78.0,5.0,1.0,video,0.0
2024-01-01 23:48:00,CELL_003,27.9,8.091,53.79,206,-81.9,-17.88,1.25,1,link_9,41.0,1.0,0.0,voip,1.0
2024-01-01 23:49:00,CELL_016,55.9,9.033,858.9,40,-118.1,-18.39,0.3473,1,link_10,12.0,2.0,1.0,file_transfer,0.0
2024-01-01 23:50:00,CELL_006,24.1,26.8,60.98,217,-70.8,-12.62,0.3617,1,link_1,89.0,4.0,1.0,file_transfer,0.0
2024-01-01 23:51:00,CELL_019,56.3,1.753,228.15,14,-105.0,-6.68,0.0063,1,link_2,65.0,5.0,1.0,http,0.0
2024-01-01 23:52:00,CELL_007,50.4,1.028,271.59,15,-85.3,-4.89,0.0012,1,link_3,27.0,1.0,1.0,video,0.0
2024-01-01 23:53:00,CELL_010,50.7,1.761,213.01,13,-91.6,-9.03,0.045,1,link_4,10.0,2.0,1.0,voip,0.0
2024-01-01 23:54:00,CELL_009,49.7,17.44,38.04,215,-117.8,-8.18,0.4802,1,link_5,29.0,3.0,1.0,file_transfer,0.0
2024-01-01 23:55:00,CELL_002,87.1,8.858,850.1,49,-74.6,-17.27,0.1816,1,link_6,67.0,4.0,1.0,http,0.0
2024-01-01 23:56:00,CELL_015,87.7,9.308,907.28,52,-70.7,-19.06,0.1856,1,link_7,89.0,5.0,1.0,video,0.0
2024-01-01 23:57:00,CELL_005,47.3,1.249,318.62,18,-98.8,-15.58,0.0244,1,link_8,75.0,1.0,0.0,voip,1.0
2024-01-01 23:58:00,CELL_004,63.9,7.26,714.38,47,-109.1,-16.91,0.2047,1,link_9,37.0,2.0,1.0,file_transfer,0.0
2024-01-01 23:59:00,CELL_020,51.4,2.26,116.15,8,-113.8,-19.2,0.0489,1,link_10,11.0,3.0,1.0,http,0.0
2024-01-02 00:00:00,CELL_004,55.3,1.669,235.34,9,-80.1,-14.31,0.0047,1,link_1,88.0,5.0,1.0,http,0.0
2024-01-02 00:01:00,CELL_018,48.1,2.388,113.62,14,-82.0,-6.11,0.1325,0,link_2,62.0,1.0,1.0,video,0.0
2024-01-02 00:02:00,CELL_004,61.8,1.566,314.9,9,-78.7,-11.39,0.0842,1,link_3,24.0,2.0,1.0,voip,0.0
2024-01-02 00:03:00,CELL_017,55.7,1.833,259.27,8,-110.9,-5.06,0.1041,0,link_4,10.0,3.0,1.0,file_transfer,0.0
2024-01-02 00:04:00,CELL_012,27.3,28.031,55.36,196,-84.8,-7.6,0.1801,1,link_5,32.0,4.0,1.0,http,0.0
2024-01-02 00:05:00,CELL_017,47.7,24.562,41.58,223,-84.5,-10.4,4.1554,1,link_6,70.0,5.0,1.0,video,0.0
2024-01-02 00:06:00,CELL_010,59.9,2.06,258.41,10,-94.9,-4.17,0.2471,0,link_7,89.0,1.0,0.0,voip,1.0
2024-01-02 00:07:00,CELL_001,55.3,2.393,287.92,12,-112.2,-11.56,0.0015,1,link_8,72.0,2.0,1.0,file_transfer,0.0
2024-01-02 00:08:00,CELL_018,46.6,25.49,55.1,203,-94.9,-13.93,0.6383,1,link_9,34.0,3.0,1.0,http,0.0
2024-01-02 00:09:00,CELL_018,55.1,2.265,178.36,16,-74.8,-4.06,0.0109,1,link_10,10.0,4.0,1.0,video,0.0
2024-01-02 00:10:00,CELL_014,51.9,1.948,174.96,12,-85.7,-14.9,0.0853,1,link_1,87.0,1.0,1.0,video,0.0
2024-01-02 00:11:00,CELL_015,46.6,40.83,81.65,195,-72.6,-12.93,0.6482,1,link_2,58.0,2.0,1.0,voip,0.0
2024-01-02 00:12:00,CELL_012,51.5,1.005,209.59,7,-74.0,-6.01,0.0122,1,link_3,21.0,3.0,1.0,file_transfer,0.0
2024-01-02 00:13:00,CELL_004,76.1,8.285,762.31,37,-98.9,-4.31,0.5465,1,link_4,10.0,4.0,1.0,http,0.0
2024-01-02 00:14:00,CELL_003,34.2,33.015,48.66,180,-98.0,-17.24,1.0193,1,link_5,36.0,5.0,1.0,video,0.0
2024-01-02 00:15:00,CELL_020,78.1,7.075,619.05,49,-117.3,-10.01,0.3294,1,link_6,74.0,1.0,0.0,voip,1.0
2024-01-02 00:16:00,CELL_012,44.6,34.312,33.24,226,-113.4,-4.14,0.8041,1,link_7,89.0,2.0,1.0,file_transfer,0.0
2024-01-02 00:17:00,CELL_007,33.5,31.729,64.66,181,-85.3,-7.49,0.4185,1,link_8,68.0,3.0,1.0,http,0.0
2024-01-02 00:18:00,CELL_011,77.8,4.37,1111.99,10,-82.8,-10.23,0.462,1,link_9,30.0,4.0,1.0,video,0.0
2024-01-02 00:19:00,CELL_001,41.2,8.055,990.22,39,-100.3,-13.45,0.3989,1,link_10,10.0,5.0,1.0,voip,0.0
2024-01-02 00:20:00,CELL_006,50.2,1.553,262.42,11,-101.4,-13.01,0.0096,1,link_1,85.0,2.0,1.0,voip,0.0
2024-01-02 00:21:00,CELL_015,61.6,1.402,225.15,12,-94.5,-16.01,0.0009,1,link_2,54.0,3.0,1.0,file_transfer,0.0
2024-01-02 00:22:00,CELL_015,71.9,8.617,814.2,48,-116.6,-7.16,0.0102,1,link_3,18.0,4.0,1.0,http,0.0
2024-01-02 00:23:00,CELL_019,75.4,10.908,775.88,48,-86.1,-14.07,0.1504,1,link_4,12.0,5.0,1.0,video,0.0
2024-01-02 00:24:00,CELL_011,51.2,2.226,251.57,12,-76.0,-5.97,0.0522,1,link_5,40.0,1.0,0.0,voip,1.0
2024-01-02 00:25:00,CELL_002,51.1,1.346,297.71,6,-88.5,-8.56,0.0563,1,link_6,77.0,2.0,1.0,file_transfer,0.0
2024-01-02 00:26:00,CELL_014,84.2,8.391,662.74,41,-74.7,-18.51,0.0535,1,link_7,89.0,3.0,1.0,http,0.0
2024-01-02 00:27:00,CELL_002,35.8,1.425,310.48,13,-88.5,-12.99,0.0291,1,link_8,65.0,4.0,1.0,video,0.0
2024-01-02 00:28:00,CELL_004,19.2,25.283,70.42,187,-90.7,-9.7,0.3092,1,link_9,27.0,5.0,1.0,voip,0.0
2024-01-02 00:29:00,CELL_017,38.1,28.898,46.9,193,-79.9,-6.28,0.6962,1,link_10,10.0,1.0,1.0,file_transfer,0.0
2024-01-02 00:30:00,CELL_003,68.7,3.964,888.94,6,-114.8,-14.67,0.0251,1,link_1,83.0,3.0,1.0,file_transfer,0.0
2024-01-02 00:31:00,CELL_013,59.9,1.372,264.9,10,-105.3,-5.39,0.1093,0,link_2,50.0,4.0,1.0,http,0.0
2024-01-02 00:32:00,CELL_009,70.5,4.875,1349.35,7,-112.1,-9.35,0.0222,1,link_3,16.0,5.0,1.0,video,0.0
2024-01-02 00:33:00,CELL_007,37.4,15.769,28.72,193,-107.0,-4.62,2.2948,1,link_4,13.0,1.0,0.0,voip,1.0
2024-01-02 00:34:00,CELL_015,82.0,6.251,953.13,44,-117.0,-4.32,0.2133,1,link_5,44.0,2.0,1.0,file_transfer,0.0
2024-01-02 00:35:00,CELL_011,84.0,8.533,925.97,52,-90.4,-10.54,0.34,1,link_6,80.0,3.0,1.0,http,0.0
2024-01-02 00:36:00,CELL_020,57.8,2.165,278.39,17,-114.3,-19.54,0.1061,0,link_7,88.0,4.0,1.0,video,0.0
2024-01-02 00:37:00,CELL_002,64.2,2.266,192.34,16,-106.3,-7.45,0.0459,1,link_8,61.0,5.0,1.0,voip,0.0
2024-01-02 00:38:00,CELL_015,57.5,2.063,268.98,10,-87.3,-19.28,0.0785,1,link_9,23.0,1.0,1.0,file_transfer,0.0
2024-01-02 00:39:00,CELL_014,45.4,2.226,309.43,9,-91.3,-17.36,0.0081,1,link_10,10.0,2.0,1.0,http,0.0
2024-01-02 00:40:00,CELL_020,48.9,20.917,6.83,179,-104.3,-9.87,0.7771,1,link_1,81.0,4.0,1.0,http,0.0
2024-01-02 00:41:00,CELL_011,56.1,2.103,228.65,15,-77.6,-3.67,0.078,1,link_2,46.0,5.0,1.0,video,0.0
2024-01-02 00:42:00,CELL_003,83.2,13.29,648.78,53,-105.8,-4.43,0.9254,1,link_3,14.0,1.0,0.0,voip,1.0
2024-01-02 00:43:00,CELL_017,30.7,21.462,41.98,177,-79.8,-9.97,0.7838,1,link_4,15.0,2.0,1.0,file_transfer,0.0
2024-01-02 00:44:00,CELL_012,62.9,8.422,839.33,49,-81.7,-7.45,0.0343,1,link_5,48.0,3.0,1.0,http,0.0
2024-01-02 00:45:00,CELL_015,76.9,2.422,1110.04,10,-89.8,-6.91,0.0665,1,link_6,82.0,4.0,1.0,video,0.0
2024-01-02 00:46:00,CELL_016,90.8,6.784,654.36,38,-114.7,-8.4,0.1105,1,link_7,87.0,5.0,1.0,voip,0.0
2024-01-02 00:47:00,CELL_005,72.6,4.082,1384.83,14,-101.6,-10.64,0.1388,1,link_8,57.0,1.0,1.0,file_transfer,0.0
2024-01-02 00:48:00,CELL_020,66.2,7.796,667.18,56,-84.6,-3.51,0.0188,1,link_9,21.0,2.0,1.0,http,0.0
2024-01-02 00:49:00,CELL_006,85.6,8.726,901.57,59,-111.1,-7.75,0.7773,1,link_10,11.0,3.0,1.0,video,0.0
2024-01-02 00:50:00,CELL_019,76.7,7.804,778.18,52,-101.6,-15.52,0.4054,1,link_1,78.0,5.0,1.0,video,0.0
2024-01-02 00:51:00,CELL_005,24.4,22.324,51.47,210,-93.3,-19.98,0.526,1,link_2,42.0,1.0,0.0,voip,1.0
2024-01-02 00:52:00,CELL_003,32.0,36.889,45.46,194,-112.5,-6.76,0.8035,1,link_3,12.0,2.0,1.0,file_transfer,0.0
2024-01-02 00:53:00,CELL_001,52.8,1.601,247.46,10,-104.5,-6.39,0.0134,1,link_4,17.0,3.0,1.0,http,0.0
2024-01-02 00:54:00,CELL_006,68.4,4.929,1123.29,7,-112.1,-7.47,0.0265,1,link_5,52.0,4.0,1.0,video,0.0
2024-01-02 00:55:00,CELL_015,58.9,2.076,309.81,12,-88.8,-12.53,0.0237,1,link_6,84.0,5.0,1.0,voip,0.0
2024-01-02 00:56:00,CELL_002,55.1,2.186,285.87,12,-113.3,-10.16,0.0059,1,link_7,85.0,1.0,1.0,file_transfer,0.0
2024-01-02 00:57:00,CELL_003,34.0,6.778,22.02,193,-74.6,-12.34,3.0801,1,link_8,53.0,2.0,1.0,http,0.0
2024-01-02 00:58:00,CELL_017,86.2,9.304,1072.72,51,-114.9,-19.66,0.035,1,link_9,18.0,3.0,1.0,video,0.0
2024-01-02 00:59:00,CELL_012,64.4,7.903,901.85,48,-109.2,-13.06,0.0158,1,link_10,12.0,4.0,1.0,voip,0.0
2024-01-02 01:00:00,CELL_018,100.0,4.194,1007.27,7,-80.8,-19.38,1.0278,0,link_1,76.0,1.0,0.0,voip,1.0
2024-01-02 01:01:00,CELL_015,69.2,7.632,1579.62,2,-111.5,-8.62,0.2334,1,link_2,38.0,2.0,1.0,file_transfer,0.0
2024-01-02 01:02:00,CELL_012,79.6,3.044,1487.2,10,-93.1,-15.05,1.1947,0,link_3,11.0,3.0,1.0,http,0.0
2024-01-02 01:03:00,CELL_016,87.8,4.762,1458.48,13,-78.7,-15.67,0.4443,1,link_4,19.0,4.0,1.0,video,0.0
2024-01-02 01:04:00,CELL_008,67.7,9.856,727.68,44,-102.4,-10.57,0.3941,1,link_5,55.0,5.0,1.0,voip,0.0
2024-01-02 01:05:00,CELL_014,29.2,22.721,31.02,188,-100.5,-19.03,0.315,1,link_6,86.0,1.0,1.0,file_transfer,0.0
2024-01-02 01:06:00,CELL_017,56.0,1.58,231.25,13,-90.8,-14.33,0.0124,1,link_7,83.0,2.0,1.0,http,0.0
2024-01-02 01:07:00,CELL_008,87.8,4.711,1315.01,5,-97.1,-18.3,0.2257,1,link_8,49.0,3.0,1.0,video,0.0
2024-01-02 01:08:00,CELL_015,61.6,2.707,215.3,14,-85.9,-17.87,0.0495,1,link_9,16.0,4.0,1.0,voip,0.0
2024-01-02 01:09:00,CELL_014,50.6,2.256,219.6,12,-71.6,-5.29,0.0135,1,link_10,13.0,5.0,1.0,file_transfer,0.0
2024-01-02 01:10:00,CELL_018,63.6,1.323,309.66,11,-83.3,-9.49,0.0633,1,link_1,72.0,2.0,1.0,file_transfer,0.0
2024-01-02 01:11:00,CELL_020,65.4,7.967,974.81,50,-107.3,-6.72,0.3203,1,link_2,34.0,3.0,1.0,http,0.0
2024-01-02 01:12:00,CELL_007,82.1,5.73,802.65,60,-81.2,-5.2,0.5554,1,link_3,10.0,4.0,1.0,video,0.0
2024-01-02 01:13:00,CELL_003,28.2,7.975,56.96,188,-111.6,-10.14,4.9146,1,link_4,22.0,5.0,1.0,voip,0.0
2024-01-02 01:14:00,CELL_012,22.7,7.307,35.1,212,-89.4,-18.48,0.2616,1,link_5,59.0,1.0,1.0,file_transfer,0.0
2024-01-02 01:15:00,CELL_003,90.4,6.821,726.15,59,-98.4,-17.16,0.9091,1,link_6,87.0,2.0,1.0,http,0.0
2024-01-02 01:16:00,CELL_020,53.9,30.6,33.78,202,-71.3,-19.16,0.1859,1,link_7,81.0,3.0,1.0,video,0.0
2024-01-02 01:17:00,CELL_014,53.9,1.924,300.45,16,-110.1,-11.68,0.2052,0,link_8,45.0,4.0,1.0,voip,0.0
2024-01-02 01:18:00,CELL_015,54.4,1.458,278.91,14,-100.1,-3.95,0.086,1,link_9,14.0,5.0,1.0,file_transfer,0.0
2024-01-02 01:19:00,CELL_014,82.7,8.344,614.52,38,-86.3,-10.12,0.0767,1,link_10,15.0,1.0,1.0,http,0.0
2024-01-02 01:20:00,CELL_007,37.4,19.238,59.44,200,-96.3,-11.75,1.7951,1,link_1,69.0,3.0,1.0,http,0.0
2024-01-02 01:21:00,CELL_017,49.5,30.588,53.92,173,-84.8,-6.86,0.1,1,link_2,31.0,4.0,1.0,video,0.0
2024-01-02 01:22:00,CELL_012,69.3,1.459,270.54,13,-112.0,-5.26,0.1628,0,link_3,10.0,5.0,1.0,voip,0.0
2024-01-02 01:23:00,CELL_020,47.5,1.685,239.44,16,-113.2,-12.12,0.0203,1,link_4,25.0,1.0,1.0,file_transfer,0.0
2024-01-02 01:24:00,CELL_004,64.2,9.614,723.49,47,-79.9,-7.78,0.0697,1,link_5,63.0,2.0,1.0,http,0.0
2024-01-02 01:25:00,CELL_009,64.3,2.543,248.2,8,-83.3,-19.88,0.0049,1,link_6,89.0,3.0,1.0,video,0.0
2024-01-02 01:26:00,CELL_006,56.8,11.668,674.48,55,-94.1,-11.3,0.1137,1,link_7,78.0,4.0,1.0,voip,0.0
2024-01-02 01:27:00,CELL_016,75.1,11.096,707.48,53,-74.2,-19.73,0.6779,1,link_8,41.0,5.0,1.0,file_transfer,0.0
2024-01-02 01:28:00,CELL_002,57.4,1.509,209.69,10,-101.9,-6.57,0.0198,1,link_9,12.0,1.0,1.0,http,0.0
2024-01-02 01:29:00,CELL_008,95.8,5.007,1368.71,7,-87.9,-6.15,0.0313,1,link_10,17.0,2.0,1.0,video,0.0
2024-01-02 01:30:00,CELL_011,53.5,1.876,242.61,6,-76.4,-18.59,0.0443,1,link_1,65.0,4.0,1.0,video,0.0
2024-01-02 01:31:00,CELL_013,61.9,7.235,1078.81,43,-73.5,-8.36,2.678,0,link_2,27.0,5.0,1.0,voip,0.0
2024-01-02 01:32:00,CELL_017,52.3,2.056,331.39,8,-78.2,-9.51,0.0411,1,link_3,10.0,1.0,1.0,file_transfer,0.0
2024-01-02 01:33:00,CELL_008,30.1,28.74,45.62,193,-75.8,-19.73,1.288,1,link_4,29.0,2.0,1.0,http,0.0
2024-01-02 01:34:00,CELL_018,42.5,23.617,45.87,187,-70.1,-7.16,1.2058,1,link_5,67.0,3.0,1.0,video,0.0
2024-01-02 01:35:00,CELL_018,52.8,35.287,70.45,189,-116.3,-10.47,0.8422,1,link_6,89.0,4.0,1.0,voip,0.0
2024-01-02 01:36:00,CELL_014,56.0,1.907,317.4,16,-83.0,-7.89,0.1544,0,link_7,75.0,5.0,1.0,file_transfer,0.0
2024-01-02 01:37:00,CELL_015,35.5,32.333,37.29,186,-109.6,-8.3,2.7826,1,link_8,37.0,1.0,1.0,http,0.0
2024-01-02 01:38:00,CELL_006,88.8,7.032,837.21,40,-119.3,-19.5,0.0991,1,link_9,11.0,2.0,1.0,video,0.0
2024-01-02 01:39:00,CELL_011,56.7,7.301,728.85,31,-114.4,-5.43,0.4681,1,link_10,20.0,3.0,1.0,voip,0.0
2024-01-02 01:40:00,CELL_013,67.0,6.014,890.11,46,-117.5,-14.48,0.363,1,link_1,62.0,5.0,1.0,voip,0.0
2024-01-02 01:41:00,CELL_001,60.7,1.591,257.47,13,-72.6,-6.87,0.0319,1,link_2,24.0,1.0,1.0,file_transfer,0.0
2024-01-02 01:42:00,CELL_006,81.1,3.468,1201.35,5,-73.7,-11.25,0.5112,0,link_3,10.0,2.0,1.0,http,0.0
2024-01-02 01:43:00,CELL_009,34.9,26.347,43.77,217,-71.2,-12.76,0.5813,1,link_4,32.0,3.0,1.0,video,0.0
2024-01-02 01:44:00,CELL_008,67.6,8.22,819.97,39,-79.9,-17.67,0.4829,1,link_5,70.0,4.0,1.0,voip,0.0
2024-01-02 01:45:00,CELL_011,56.2,8.307,979.13,45,-99.0,-12.32,0.2518,1,link_6,89.0,5.0,1.0,file_transfer,0.0
2024-01-02 01:46:00,CELL_019,57.1,9.869,639.26,35,-108.1,-18.79,0.7295,1,link_7,72.0,1.0,1.0,http,0.0
2024-01-02 01:47:00,CELL_009,69.6,10.328,882.66,43,-72.5,-5.62,0.0935,1,link_8,34.0,2.0,1.0,video,0.0
2024-01-02 01:48:00,CELL_017,69.1,2.172,273.87,12,-112.2,-9.4,0.0125,1,link_9,10.0,3.0,1.0,voip,0.0
2024-01-02 01:49:00,CELL_012,89.4,2.733,1336.11,12,-106.8,-4.2,0.0702,1,link_10,23.0,4.0,1.0,file_transfer,0.0
2024-01-02 01:50:00,CELL_014,83.4,4.823,1041.89,8,-94.1,-4.15,0.031,1,link_1,58.0,1.0,1.0,file_transfer,0.0
2024-01-02 01:51:00,CELL_015,37.9,1.224,288.51,13,-112.9,-8.11,0.006,1,link_2,21.0,2.0,1.0,http,0.0
2024-01-02 01:52:00,CELL_016,36.9,21.973,47.0,207,-91.8,-7.65,1.065,1,link_3,10.0,3.0,1.0,video,0.0
2024-01-02 01:53:00,CELL_020,66.9,2.018,329.06,11,-108.4,-14.13,0.0297,1,link_4,36.0,4.0,1.0,voip,0.0
2024-01-02 01:54:00,CELL_001,66.2,10.914,674.76,38,-100.0,-13.26,0.0211,1,link_5,74.0,5.0,1.0,file_transfer,0.0
2024-01-02 01:55:00,CELL_010,64.9,2.702,218.06,15,-90.4,-6.43,0.0143,1,link_6,89.0,1.0,1.0,http,0.0
2024-01-02 01:56:00,CELL_008,59.8,1.733,281.55,12,-110.3,-15.58,0.0523,1,link_7,68.0,2.0,1.0,video,0.0
2024-01-02 01:57:00,CELL_018,38.4,27.374,44.23,212,-100.3,-17.3,1.8682,1,link_8,30.0,3.0,1.0,voip,0.0
2024-01-02 01:58:00,CELL_001,82.0,6.745,633.87,42,-72.5,-13.68,0.4571,1,link_9,10.0,4.0,1.0,file_transfer,0.0
2024-01-02 01:59:00,CELL_002,65.6,6.618,822.91,45,-106.4,-18.28,0.1541,1,link_10,26.0,5.0,1.0,http,0.0
2024-01-02 02:00:00,CELL_001,87.7,6.791,690.96,56,-107.2,-6.27,1.179,1,link_1,54.0,2.0,1.0,http,0.0
2024-01-02 02:01:00,CELL_001,58.9,4.383,1105.04,8,-74.8,-13.53,0.2442,1,link_2,18.0,3.0,1.0,video,0.0
2024-01-02 02:02:00,CELL_009,57.3,1.803,241.41,16,-104.8,-13.49,0.0186,1,link_3,12.0,4.0,1.0,voip,0.0
2024-01-02 02:03:00,CELL_013,46.1,29.95,20.45,203,-102.6,-16.81,0.7089,1,link_4,40.0,5.0,1.0,file_transfer,0.0
2024-01-02 02:04:00,CELL_001,30.0,35.881,48.04,204,-102.2,-12.63,0.5016,1,link_5,77.0,1.0,1.0,http,0.0
2024-01-02 02:05:00,CELL_013,58.8,12.442,563.16,43,-93.0,-15.99,0.4249,1,link_6,89.0,2.0,1.0,video,0.0
2024-01-02 02:06:00,CELL_020,56.8,1.625,244.48,9,-82.6,-15.33,0.017,1,link_7,65.0,3.0,1.0,voip,0.0
2024-01-02 02:07:00,CELL_007,38.7,25.248,40.81,217,-100.9,-19.48,0.2558,1,link_8,27.0,4.0,1.0,file_transfer,0.0
2024-01-02 02:08:00,CELL_002,50.8,2.206,220.29,13,-77.7,-10.69,0.0143,1,link_9,10.0,5.0,1.0,http,0.0
2024-01-02 02:09:00,CELL_006,81.5,5.137,1416.58,4,-103.0,-10.34,0.1638,1,link_10,29.0,1.0,1.0,video,0.0
2024-01-02 02:10:00,CELL_007,48.9,10.473,907.38,43,-117.9,-7.91,0.3881,1,link_1,50.0,3.0,1.0,video,0.0
2024-01-02 02:11:00,CELL_014,69.8,7.859,717.85,40,-113.6,-8.18,1.2333,1,link_2,16.0,4.0,1.0,voip,0.0
2024-01-02 02:12:00,CELL_018,37.4,25.341,54.01,191,-100.1,-14.63,0.0451,1,link_3,13.0,5.0,1.0,file_transfer,0.0
2024-01-02 02:13:00,CELL_015,39.8,33.535,59.47,211,-88.1,-5.53,2.8542,1,link_4,44.0,1.0,1.0,http,0.0
2024-01-02 02:14:00,CELL_002,70.9,4.835,911.85,10,-73.5,-15.39,0.1893,1,link_5,80.0,2.0,1.0,video,0.0
2024-01-02 02:15:00,CELL_010,49.3,1.334,196.92,14,-73.6,-14.37,0.0002,1,link_6,88.0,3.0,1.0,voip,0.0
2024-01-02 02:16:00,CELL_012,68.5,6.054,1301.1,5,-117.7,-16.35,0.0887,1,link_7,61.0,4.0,1.0,file_transfer,0.0
2024-01-02 02:17:00,CELL_017,47.6,29.753,25.75,210,-99.2,-12.04,0.3049,1,link_8,23.0,5.0,1.0,http,0.0
2024-01-02 02:18:00,CELL_008,33.3,26.325,55.6,196,-92.8,-9.37,0.3533,1,link_9,10.0,1.0,1.0,video,0.0
2024-01-02 02:19:00,CELL_011,55.2,1.427,356.27,13,-120.0,-5.33,0.0081,1,link_10,33.0,2.0,1.0,voip,0.0
2024-01-02 02:20:00,CELL_003,85.5,8.659,858.69,40,-112.4,-10.34,0.9687,1,link_1,46.0,4.0,1.0,voip,0.0
2024-01-02 02:21:00,CELL_006,78.7,4.402,1288.22,4,-117.8,-9.05,0.0535,1,link_2,14.0,5.0,1.0,file_transfer,0.0
2024-01-02 02:22:00,CELL_009,48.5,1.917,159.09,15,-91.4,-17.07,0.0891,1,link_3,15.0,1.0,1.0,http,0.0
2024-01-02 02:23:00,CELL_006,55.8,1.721,298.58,8,-114.1,-10.5,0.009,1,link_4,48.0,2.0,1.0,video,0.0
2024-01-02 02:24:00,CELL_009,54.6,1.657,189.52,10,-118.0,-3.96,0.0083,1,link_5,82.0,3.0,1.0,voip,0.0
2024-01-02 02:25:00,CELL_007,65.9,1.853,260.19,15,-74.7,-4.66,0.0373,1,link_6,87.0,4.0,1.0,file_transfer,0.0
2024-01-02 02:26:00,CELL_009,47.7,1.879,251.23,9,-104.1,-5.76,0.0211,1,link_7,57.0,5.0,1.0,http,0.0
2024-01-02 02:27:00,CELL_018,74.0,11.387,912.9,44,-71.8,-9.41,0.9598,1,link_8,21.0,1.0,1.0,video,0.0
2024-01-02 02:28:00,CELL_012,39.9,15.91,32.72,185,-70.3,-10.39,0.4329,1,link_9,11.0,2.0,1.0,voip,0.0
2024-01-02 02:29:00,CELL_008,46.5,2.104,244.85,10,-112.2,-11.12,0.0362,1,link_10,36.0,3.0,1.0,file_transfer,0.0
2024-01-02 02:30:00,CELL_008,54.5,1.775,240.89,13,-80.8,-18.04,0.0304,1,link_1,42.0,5.0,1.0,file_transfer,0.0
2024-01-02 02:31:00,CELL_018,72.3,9.711,546.24,41,-91.0,-9.76,0.2244,1,link_2,12.0,1.0,1.0,http,0.0
2024-01-02 02:32:00,CELL_020,81.4,5.815,599.51,42,-120.0,-9.86,0.1408,1,link_3,17.0,2.0,1.0,video,0.0
2024-01-02 02:33:00,CELL_015,70.7,9.247,735.91,53,-72.2,-14.9,0.5855,1,link_4,52.0,3.0,1.0,voip,0.0
2024-01-02 02:34:00,CELL_007,34.9,18.006,10.84,192,-82.3,-12.93,1.5732,1,link_5,84.0,4.0,1.0,file_transfer,0.0
2024-01-02 02:35:00,CELL_011,80.2,9.002,832.03,33,-112.4,-3.22,0.4155,1,link_6,85.0,5.0,1.0,http,0.0
2024-01-02 02:36:00,CELL_020,87.2,6.026,1094.4,6,-94.3,-9.85,0.5495,0,link_7,53.0,1.0,1.0,video,0.0
2024-01-02 02:37:00,CELL_016,66.7,8.327,829.67,44,-98.8,-11.66,0.8871,1,link_8,18.0,2.0,1.0,voip,0.0
2024-01-02 02:38:00,CELL_004,61.4,8.799,1262.99,45,-95.2,-13.27,0.1274,1,link_9,12.0,3.0,1.0,file_transfer,0.0
2024-01-02 02:39:00,CELL_006,56.8,7.379,878.06,50,-83.3,-12.29,2.0521,0,link_10,40.0,4.0,1.0,http,0.0
2024-01-02 02:40:00,CELL_003,66.2,8.998,1050.15,52,-109.5,-5.01,0.8367,1,link_1,38.0,1.0,1.0,http,0.0
2024-01-02 02:41:00,CELL_009,27.5,35.107,56.38,234,-116.4,-13.47,0.9857,1,link_2,11.0,2.0,1.0,video,0.0
2024-01-02 02:42:00,CELL_010,60.2,21.557,29.8,195,-95.9,-4.96,2.3662,1,link_3,19.0,3.0,1.0,voip,0.0
2024-01-02 02:43:00,CELL_014,58.2,2.074,257.6,18,-100.9,-17.68,0.0561,1,link_4,55.0,4.0,1.0,file_transfer,0.0
2024-01-02 02:44:00,CELL_011,94.1,8.789,566.29,48,-104.2,-4.4,0.2168,1,link_5,86.0,5.0,1.0,http,0.0
2024-01-02 02:45:00,CELL_018,86.7,9.125,889.14,39,-78.3,-6.48,1.2166,1,link_6,83.0,1.0,1.0,video,0.0
2024-01-02 02:46:00,CELL_012,59.8,1.587,215.08,12,-114.8,-16.04,0.0632,1,link_7,49.0,2.0,1.0,voip,0.0
2024-01-02 02:47:00,CELL_012,86.7,4.444,1286.08,3,-79.4,-17.03,0.1085,1,link_8,16.0,3.0,1.0,file_transfer,0.0
2024-01-02 02:48:00,CELL_013,58.7,5.815,809.68,41,-85.2,-3.6,1.4529,1,link_9,13.0,4.0,1.0,http,0.0
2024-01-02 02:49:00,CELL_013,25.5,22.996,49.19,188,-104.0,-14.14,0.3042,1,link_10,44.0,5.0,1.0,video,0.0
2024-01-02 02:50:00,CELL_019,35.3,1.639,217.84,16,-94.4,-13.59,0.0333,1,link_1,34.0,2.0,1.0,video,0.0
2024-01-02 02:51:00,CELL_019,55.8,10.101,773.95,43,-84.1,-14.67,0.2265,1,link_2,10.0,3.0,1.0,voip,0.0
2024-01-02 02:52:00,CELL_014,62.0,1.326,266.34,9,-112.4,-8.7,0.0121,1,link_3,22.0,4.0,1.0,file_transfer,0.0
2024-01-02 02:53:00,CELL_004,63.6,11.912,925.81,41,-111.1,-19.39,0.1483,1,link_4,59.0,5.0,1.0,http,0.0
2024-01-02 02:54:00,CELL_013,17.7,24.748,48.05,205,-99.1,-5.96,2.4846,1,link_5,87.0,1.0,1.0,video,0.0
2024-01-02 02:55:00,CELL_008,54.1,9.091,968.74,45,-95.5,-15.94,0.145,1,link_6,81.0,2.0,1.0,voip,0.0
2024-01-02 02:56:00,CELL_019,26.0,25.953,75.16,176,-79.2,-11.88,0.7392,1,link_7,45.0,3.0,1.0,file_transfer,0.0
2024-01-02 02:57:00,CELL_012,62.4,7.295,767.13,42,-98.0,-3.33,0.2715,1,link_8,14.0,4.0,1.0,http,0.0
2024-01-02 02:58:00,CELL_018,69.0,5.86,953.69,4,-109.3,-18.66,0.0316,1,link_9,15.0,5.0,1.0,video,0.0
2024-01-02 02:59:00,CELL_006,68.3,5.879,1036.44,50,-80.9,-18.61,0.9679,1,link_10,48.0,1.0,1.0,voip,0.0
2024-01-02 03:00:00,CELL_018,5.0,31.965,60.21,187,-115.1,-15.88,0.9824,1,link_1,31.0,3.0,1.0,voip,0.0
2024-01-02 03:01:00,CELL_019,26.8,17.932,50.77,210,-84.3,-14.14,0.2843,1,link_2,10.0,4.0,1.0,file_transfer,0.0
2024-01-02 03:02:00,CELL_005,87.9,4.307,1283.88,7,-99.4,-14.27,0.0773,1,link_3,25.0,5.0,1.0,http,0.0
2024-01-02 03:03:00,CELL_009,59.1,1.598,182.64,5,-95.0,-4.14,0.0431,1,link_4,63.0,1.0,1.0,video,0.0
2024-01-02 03:04:00,CELL_003,22.3,15.26,36.37,195,-71.8,-12.89,0.4803,1,link_5,89.0,2.0,1.0,voip,0.0
2024-01-02 03:05:00,CELL_010,55.4,9.854,763.47,33,-116.9,-13.75,0.0713,1,link_6,78.0,3.0,1.0,file_transfer,0.0
2024-01-02 03:06:00,CELL_019,80.8,8.577,1010.89,51,-85.7,-5.46,0.3476,1,link_7,41.0,4.0,1.0,http,0.0
2024-01-02 03:07:00,CELL_003,60.2,1.499,296.41,15,-71.5,-4.49,0.0438,1,link_8,12.0,5.0,1.0,video,0.0
2024-01-02 03:08:00,CELL_015,79.0,8.155,688.16,40,-75.4,-4.35,0.6508,1,link_9,17.0,1.0,1.0,voip,0.0
2024-01-02 03:09:00,CELL_001,97.2,4.253,739.56,9,-72.3,-16.81,0.0588,1,link_10,52.0,2.0,1.0,file_transfer,0.0
2024-01-02 03:10:00,CELL_007,74.6,7.376,598.98,41,-102.7,-7.47,0.2839,1,link_1,27.0,4.0,1.0,file_transfer,0.0
2024-01-02 03:11:00,CELL_012,60.3,2.263,235.2,7,-106.9,-15.55,0.0038,1,link_2,10.0,5.0,1.0,http,0.0
2024-01-02 03:12:00,CELL_017,47.4,2.186,262.92,11,-88.9,-5.14,0.0779,1,link_3,29.0,1.0,1.0,video,0.0
2024-01-02 03:13:00,CELL_020,70.4,1.843,221.89,17,-109.7,-19.4,0.0187,1,link_4,67.0,2.0,1.0,voip,0.0
2024-01-02 03:14:00,CELL_005,39.2,1.801,221.09,17,-108.3,-8.02,0.032,1,link_5,89.0,3.0,1.0,file_transfer,0.0
2024-01-02 03:15:00,CELL_004,89.6,9.285,860.52,43,-90.9,-16.05,0.1579,1,link_6,75.0,4.0,1.0,http,0.0
2024-01-02 03:16:00,CELL_012,50.6,2.338,229.54,10,-91.0,-7.67,0.0514,1,link_7,37.0,5.0,1.0,video,0.0
2024-01-02 03:17:00,CELL_020,61.1,10.57,1052.0,42,-117.9,-5.76,0.1011,1,link_8,11.0,1.0,1.0,voip,0.0
2024-01-02 03:18:00,CELL_018,93.0,2.953,1135.9,5,-106.0,-11.41,0.3119,1,link_9,20.0,2.0,1.0,file_transfer,0.0
2024-01-02 03:19:00,CELL_017,47.9,13.823,35.05,193,-99.0,-9.49,1.4189,1,link_10,56.0,3.0,1.0,http,0.0
2024-01-02 03:20:00,CELL_019,77.8,5.053,1318.96,5,-104.3,-7.64,0.9771,0,link_1,24.0,5.0,1.0,http,0.0
2024-01-02 03:21:00,CELL_009,64.8,7.13,921.53,36,-112.9,-6.82,0.9896,1,link_2,10.0,1.0,1.0,video,0.0
2024-01-02 03:22:00,CELL_004,68.8,5.973,578.48,32,-85.7,-17.71,0.0978,1,link_3,32.0,2.0,1.0,voip,0.0
2024-01-02 03:23:00,CELL_002,74.8,13.593,921.68,33,-114.7,-15.93,0.0882,1,link_4,70.0,3.0,1.0,file_transfer,0.0
2024-01-02 03:24:00,CELL_004,74.9,4.524,878.71,43,-115.6,-9.11,1.0653,1,link_5,89.0,4.0,1.0,http,0.0
2024-01-02 03:25:00,CELL_002,83.6,6.884,758.59,38,-107.5,-19.98,0.5816,1,link_6,72.0,5.0,1.0,video,0.0
2024-01-02 03:26:00,CELL_015,56.7,1.848,227.91,14,-83.5,-8.65,0.0118,1,link_7,34.0,1.0,1.0,voip,0.0
2024-01-02 03:27:00,CELL_002,66.3,7.273,751.56,57,-118.6,-11.2,0.7668,1,link_8,10.0,2.0,1.0,file_transfer,0.0
2024-01-02 03:28:00,CELL_004,74.7,1.761,235.25,9,-97.9,-18.55,0.1964,0,link_9,23.0,3.0,1.0,http,0.0
2024-01-02 03:29:00,CELL_006,32.6,18.481,50.28,192,-113.4,-11.51,1.7899,1,link_10,60.0,4.0,1.0,video,0.0
2024-01-02 03:30:00,CELL_007,44.4,1.55,291.19,11,-91.5,-18.5,0.1337,0,link_1,21.0,1.0,1.0,video,0.0
2024-01-02 03:31:00,CELL_010,57.7,12.163,910.3,51,-78.7,-3.47,0.5849,1,link_2,10.0,2.0,1.0,voip,0.0
2024-01-02 03:32:00,CELL_019,81.1,10.32,654.62,42,-106.4,-13.34,0.4665,1,link_3,36.0,3.0,1.0,file_transfer,0.0
2024-01-02 03:33:00,CELL_019,56.5,2.414,254.77,15,-104.9,-4.89,0.0149,1,link_4,74.0,4.0,1.0,http,0.0
2024-01-02 03:34:00,CELL_012,89.9,11.847,847.15,45,-114.7,-19.26,1.1521,1,link_5,89.0,5.0,1.0,video,0.0
2024-01-02 03:35:00,CELL_003,41.9,1.43,162.26,12,-81.1,-8.94,0.005,1,link_6,68.0,1.0,1.0,voip,0.0
2024-01-02 03:36:00,CELL_013,78.6,7.069,760.33,46,-75.9,-10.95,0.6936,1,link_7,30.0,2.0,1.0,file_transfer,0.0
2024-01-02 03:37:00,CELL_018,35.2,25.666,26.52,203,-91.6,-11.24,5.0409,0,link_8,10.0,3.0,1.0,http,0.0
2024-01-02 03:38:00,CELL_008,28.3,29.697,25.06,209,-70.0,-18.4,0.5815,1,link_9,26.0,4.0,1.0,video,0.0
2024-01-02 03:39:00,CELL_015,48.0,1.523,223.48,13,-104.5,-12.53,0.0483,1,link_10,64.0,5.0,1.0,voip,0.0
2024-01-02 03:40:00,CELL_001,79.8,5.741,879.31,47,-101.7,-18.2,1.078,1,link_1,18.0,2.0,1.0,voip,0.0
2024-01-02 03:41:00,CELL_003,56.7,8.337,913.29,42,-73.5,-5.9,1.0022,1,link_2,12.0,3.0,1.0,file_transfer,0.0
2024-01-02 03:42:00,CELL_008,28.4,27.469,41.37,192,-74.8,-7.01,0.4614,1,link_3,40.0,4.0,1.0,http,0.0
2024-01-02 03:43:00,CELL_004,64.6,1.941,274.83,7,-110.1,-19.73,0.1093,0,link_4,77.0,5.0,1.0,video,0.0
2024-01-02 03:44:00,CELL_016,100.0,7.207,772.6,44,-103.6,-16.27,0.6383,1,link_5,89.0,1.0,1.0,voip,0.0
2024-01-02 03:45:00,CELL_010,80.9,9.731,736.83,39,-110.6,-18.29,0.4697,1,link_6,65.0,2.0,1.0,file_transfer,0.0
2024-01-02 03:46:00,CELL_012,56.5,10.182,576.86,47,-75.0,-4.3,0.2943,1,link_7,27.0,3.0,1.0,http,0.0
2024-01-02 03:47:00,CELL_014,44.1,20.408,56.98,187,-71.3,-16.07,2.9522,1,link_8,10.0,4.0,1.0,video,0.0
2024-01-02 03:48:00,CELL_014,52.5,5.5,951.38,54,-117.3,-5.25,0.6202,1,link_9,29.0,5.0,1.0,voip,0.0
2024-01-02 03:49:00,CELL_002,64.7,2.771,176.29,15,-71.7,-5.12,0.0405,1,link_10,68.0,1.0,0.0,file_transfer,0.0
2024-01-02 03:50:00,CELL_005,68.5,2.216,141.65,15,-115.5,-18.39,0.0236,1,link_1,16.0,3.0,1.0,file_transfer,0.0
2024-01-02 03:51:00,CELL_005,43.2,1.639,176.54,10,-111.3,-7.69,0.0814,1,link_2,13.0,4.0,1.0,http,0.0
2024-01-02 03:52:00,CELL_006,45.2,25.058,68.89,189,-91.3,-3.7,2.3902,1,link_3,44.0,5.0,1.0,video,0.0
2024-01-02 03:53:00,CELL_013,27.5,33.689,49.54,188,-111.5,-13.06,0.4686,1,link_4,80.0,1.0,1.0,voip,0.0
2024-01-02 03:54:00,CELL_009,68.4,1.289,168.82,10,-76.0,-14.37,0.0057,1,link_5,88.0,2.0,1.0,file_transfer,0.0
2024-01-02 03:55:00,CELL_015,68.0,10.279,618.38,50,-79.8,-13.04,0.6151,1,link_6,61.0,3.0,1.0,http,0.0
2024-01-02 03:56:00,CELL_014,52.6,2.0,195.32,7,-77.8,-11.29,0.0387,1,link_7,23.0,4.0,1.0,video,0.0
2024-01-02 03:57:00,CELL_007,62.0,1.957,154.8,15,-74.2,-17.87,0.0355,1,link_8,10.0,5.0,1.0,voip,0.0
2024-01-02 03:58:00,CELL_020,56.2,1.387,171.06,15,-90.8,-12.04,0.0516,1,link_9,33.0,1.0,0.0,file_transfer,0.0
2024-01-02 03:59:00,CELL_002,49.2,0.57,292.85,10,-114.2,-16.81,0.0908,1,link_10,71.0,2.0,1.0,http,0.0
2024-01-02 04:00:00,CELL_007,56.4,8.577,748.24,53,-91.0,-9.84,0.0679,1,link_1,14.0,4.0,1.0,http,0.0
2024-01-02 04:01:00,CELL_006,39.2,1.459,172.02,6,-111.1,-9.28,0.0556,1,link_2,15.0,5.0,1.0,video,0.0
2024-01-02 04:02:00,CELL_017,96.7,10.293,855.28,35,-112.6,-13.27,0.5455,1,link_3,48.0,1.0,1.0,voip,0.0
2024-01-02 04:03:00,CELL_002,27.6,36.164,35.71,223,-82.6,-17.75,1.4707,1,link_4,82.0,2.0,1.0,file_transfer,0.0
2024-01-02 04:04:00,CELL_003,76.9,7.069,885.76,51,-84.5,-8.26,0.7352,1,link_5,87.0,3.0,1.0,http,0.0
2024-01-02 04:05:00,CELL_005,26.1,33.913,55.04,202,-81.6,-15.39,0.9594,1,link_6,57.0,4.0,1.0,video,0.0
2024-01-02 04:06:00,CELL_005,47.6,6.101,893.62,47,-119.8,-7.0,1.3081,1,link_7,21.0,5.0,1.0,voip,0.0
2024-01-02 04:07:00,CELL_001,45.3,1.431,301.76,11,-79.0,-14.98,0.0927,1,link_8,11.0,1.0,0.0,file_transfer,0.0
2024-01-02 04:08:00,CELL_008,46.1,20.495,19.98,198,-92.3,-7.27,0.7087,1,link_9,36.0,2.0,1.0,http,0.0
2024-01-02 04:09:00,CELL_012,87.7,8.56,1038.17,57,-109.3,-9.33,0.2625,1,link_10,74.0,3.0,1.0,video,0.0
2024-01-02 04:10:00,CELL_004,33.9,21.881,46.14,213,-74.5,-6.51,3.7717,1,link_1,12.0,5.0,1.0,video,0.0
2024-01-02 04:11:00,CELL_013,56.5,0.888,182.55,17,-74.0,-11.49,0.0297,1,link_2,17.0,1.0,1.0,voip,0.0
2024-01-02 04:12:00,CELL_015,77.8,1.946,156.15,10,-110.1,-17.59,0.0499,1,link_3,52.0,2.0,1.0,file_transfer,0.0
2024-01-02 04:13:00,CELL_011,95.0,9.096,846.8,51,-82.8,-8.18,0.2809,1,link_4,84.0,3.0,1.0,http,0.0
2024-01-02 04:14:00,CELL_010,58.7,1.873,263.98,16,-88.0,-19.28,0.0709,1,link_5,85.0,4.0,1.0,video,0.0
2024-01-02 04:15:00,CELL_003,51.2,2.279,240.27,12,-82.7,-8.53,0.0175,1,link_6,53.0,5.0,1.0,voip,0.0
2024-01-02 04:16:00,CELL_014,48.4,1.776,182.95,5,-93.0,-15.78,0.077,1,link_7,18.0,1.0,0.0,file_transfer,0.0
2024-01-02 04:17:00,CELL_016,48.5,2.148,165.83,13,-88.6,-11.33,0.021,1,link_8,12.0,2.0,1.0,http,0.0
2024-01-02 04:18:00,CELL_010,58.0,2.102,182.96,10,-116.8,-17.01,0.0196,1,link_9,40.0,3.0,1.0,video,0.0
2024-01-02 04:19:00,CELL_010,62.4,7.838,681.82,52,-105.3,-9.75,0.2106,1,link_10,77.0,4.0,1.0,voip,0.0
2024-01-02 04:20:00,CELL_012,79.1,10.996,741.23,37,-99.4,-14.98,0.3726,1,link_1,11.0,1.0,1.0,voip,0.0
2024-01-02 04:21:00,CELL_009,63.5,8.196,1010.61,38,-106.3,-5.09,0.4788,1,link_2,19.0,2.0,1.0,file_transfer,0.0
2024-01-02 04:22:00,CELL_001,83.8,9.479,888.31,41,-95.7,-6.98,0.0759,1,link_3,55.0,3.0,1.0,http,0.0
2024-01-02 04:23:00,CELL_005,42.5,22.516,27.98,206,-94.3,-8.38,0.9003,1,link_4,86.0,4.0,1.0,video,0.0
2024-01-02 04:24:00,CELL_020,31.2,25.165,46.62,215,-96.3,-8.91,0.0311,1,link_5,83.0,5.0,1.0,voip,0.0
2024-01-02 04:25:00,CELL_008,80.1,5.411,717.95,49,-101.0,-16.93,0.4143,1,link_6,49.0,1.0,0.0,file_transfer,0.0
2024-01-02 04:26:00,CELL_011,79.9,4.84,886.42,8,-73.3,-11.13,0.2675,1,link_7,16.0,2.0,1.0,http,0.0
2024-01-02 04:27:00,CELL_012,48.7,1.582,376.03,8,-85.1,-3.15,0.0043,1,link_8,13.0,3.0,1.0,video,0.0
2024-01-02 04:28:00,CELL_001,86.6,4.705,1025.29,9,-108.0,-12.98,0.0134,1,link_9,44.0,4.0,1.0,voip,0.0
2024-01-02 04:29:00,CELL_020,41.9,38.493,46.41,216,-71.1,-19.58,0.2832,1,link_10,80.0,5.0,1.0,file_transfer,0.0
2024-01-02 04:30:00,CELL_011,48.3,25.999,68.14,210,-119.6,-8.31,1.8753,1,link_1,10.0,2.0,1.0,file_transfer,0.0
2024-01-02 04:31:00,CELL_005,55.2,8.316,940.22,43,-75.4,-7.47,0.118,1,link_2,22.0,3.0,1.0,http,0.0
2024-01-02 04:32:00,CELL_015,50.4,5.794,806.89,48,-105.1,-3.07,2.2482,0,link_3,59.0,4.0,1.0,video,0.0
2024-01-02 04:33:00,CELL_005,73.9,10.628,532.41,50,-118.4,-12.98,0.2776,1,link_4,87.0,5.0,1.0,voip,0.0
2024-01-02 04:34:00,CELL_012,19.6,26.349,27.39,199,-77.6,-17.23,0.2439,1,link_5,81.0,1.0,0.0,file_transfer,0.0
2024-01-02 04:35:00,CELL_005,93.5,6.653,540.32,45,-101.9,-4.42,1.7247,1,link_6,45.0,2.0,1.0,http,0.0
2024-01-02 04:36:00,CELL_017,33.4,10.291,28.9,213,-117.7,-13.88,1.7182,1,link_7,14.0,3.0,1.0,video,0.0
2024-01-02 04:37:00,CELL_017,55.1,7.075,1045.91,50,-94.9,-13.9,0.4342,1,link_8,15.0,4.0,1.0,voip,0.0
2024-01-02 04:38:00,CELL_012,26.1,19.416,38.97,194,-85.1,-19.76,4.4474,1,link_9,48.0,5.0,1.0,file_transfer,0.0
2024-01-02 04:39:00,CELL_015,59.7,8.071,796.71,44,-89.3,-8.81,0.0061,1,link_10,82.0,1.0,1.0,http,0.0
2024-01-02 04:40:00,CELL_015,79.3,7.568,824.53,32,-93.4,-19.44,0.7685,1,link_1,10.0,3.0,1.0,http,0.0
2024-01-02 04:41:00,CELL_006,74.0,7.33,789.42,46,-95.5,-5.88,0.0389,1,link_2,25.0,4.0,1.0,video,0.0
2024-01-02 04:42:00,CELL_012,56.8,1.551,273.66,10,-82.4,-5.9,0.1432,0,link_3,63.0,5.0,1.0,voip,0.0
2024-01-02 04:43:00,CELL_020,82.6,8.709,738.63,54,-118.9,-12.72,0.3013,1,link_4,89.0,1.0,0.0,file_transfer,0.0
2024-01-02 04:44:00,CELL_018,32.1,24.385,64.78,191,-119.4,-16.26,0.6422,1,link_5,78.0,2.0,1.0,http,0.0
2024-01-02 04:45:00,CELL_014,80.7,7.089,797.72,60,-89.4,-10.82,0.0587,1,link_6,41.0,3.0,1.0,video,0.0
2024-01-02 04:46:00,CELL_002,80.8,10.045,834.82,40,-70.5,-16.47,0.2902,1,link_7,12.0,4.0,1.0,voip,0.0
2024-01-02 04:47:00,CELL_009,33.9,20.712,42.45,199,-92.9,-18.06,1.0547,1,link_8,17.0,5.0,1.0,file_transfer,0.0
2024-01-02 04:48:00,CELL_005,76.0,7.852,988.59,43,-91.8,-14.56,0.0768,1,link_9,52.0,1.0,1.0,http,0.0
2024-01-02 04:49:00,CELL_020,73.3,4.988,1250.68,9,-111.3,-19.21,0.0003,1,link_10,85.0,2.0,1.0,video,0.0
2024-01-02 04:50:00,CELL_001,80.1,3.614,1689.06,9,-83.4,-5.39,0.0091,1,link_1,10.0,4.0,1.0,video,0.0
2024-01-02 04:51:00,CELL_003,88.9,10.484,904.17,44,-114.7,-4.28,0.3071,1,link_2,29.0,5.0,1.0,voip,0.0
2024-01-02 04:52:00,CELL_006,79.5,7.699,621.52,36,-84.3,-11.93,0.2603,1,link_3,67.0,1.0,0.0,file_transfer,0.0
2024-01-02 04:53:00,CELL_005,57.2,10.341,907.36,39,-101.3,-9.58,0.2321,1,link_4,89.0,2.0,1.0,http,0.0
2024-01-02 04:54:00,CELL_005,35.8,22.161,47.3,196,-111.3,-11.36,1.8295,1,link_5,75.0,3.0,1.0,video,0.0
2024-01-02 04:55:00,CELL_001,49.3,2.682,234.27,9,-91.2,-5.43,0.0145,1,link_6,37.0,4.0,1.0,voip,0.0
2024-01-02 04:56:00,CELL_017,34.4,0.844,312.68,12,-84.0,-15.22,0.0132,1,link_7,11.0,5.0,1.0,file_transfer,0.0
2024-01-02 04:57:00,CELL_019,36.2,24.439,38.15,232,-115.6,-18.38,0.7128,1,link_8,20.0,1.0,1.0,http,0.0
2024-01-02 04:58:00,CELL_014,62.8,10.108,764.96,45,-87.0,-19.12,0.5676,1,link_9,56.0,2.0,1.0,video,0.0
2024-01-02 04:59:00,CELL_012,33.7,39.641,45.48,219,-92.9,-9.81,0.6744,1,link_10,86.0,3.0,1.0,voip,0.0
2024-01-02 05:00:00,CELL_010,24.8,23.588,27.91,211,-86.3,-6.2,0.9676,1,link_1,10.0,5.0,1.0,voip,0.0
2024-01-02 05:01:00,CELL_020,53.0,1.624,221.69,10,-80.7,-9.36,0.0205,1,link_2,32.0,1.0,0.0,file_transfer,0.0
2024-01-02 05:02:00,CELL_018,24.2,20.771,60.51,211,-73.4,-9.39,1.0849,1,link_3,70.0,2.0,1.0,http,0.0
2024-01-02 05:03:00,CELL_011,33.6,33.535,40.69,210,-83.6,-3.15,0.4954,1,link_4,89.0,3.0,1.0,video,0.0
2024-01-02 05:04:00,CELL_002,71.7,9.326,1059.16,47,-81.1,-10.17,0.6512,1,link_5,72.0,4.0,1.0,voip,0.0
2024-01-02 05:05:00,CELL_018,58.4,2.361,303.76,12,-113.2,-9.55,0.0126,1,link_6,34.0,5.0,1.0,file_transfer,0.0
2024-01-02 05:06:00,CELL_007,49.2,1.429,259.91,17,-83.8,-4.62,0.0444,1,link_7,10.0,1.0,1.0,http,0.0
2024-01-02 05:07:00,CELL_015,64.2,9.393,995.69,37,-92.8,-12.36,1.6026,1,link_8,23.0,2.0,1.0,video,0.0
2024-01-02 05:08:00,CELL_011,91.1,4.79,1197.6,10,-77.0,-16.25,0.1965,1,link_9,60.0,3.0,1.0,voip,0.0
2024-01-02 05:09:00,CELL_018,66.8,8.641,612.73,29,-115.6,-16.03,0.1963,1,link_10,88.0,4.0,1.0,file_transfer,0.0
2024-01-02 05:10:00,CELL_012,61.3,1.502,284.77,17,-72.4,-3.32,0.0757,1,link_1,10.0,1.0,0.0,file_transfer,0.0
2024-01-02 05:11:00,CELL_006,53.1,1.939,240.26,10,-73.9,-18.59,0.1074,0,link_2,36.0,2.0,1.0,http,0.0
2024-01-02 05:12:00,CELL_020,77.2,6.965,961.57,50,-92.3,-15.56,0.7504,1,link_3,74.0,3.0,1.0,video,0.0
2024-01-02 05:13:00,CELL_013,90.1,4.031,1407.58,11,-76.6,-19.05,0.2508,1,link_4,89.0,4.0,1.0,voip,0.0
2024-01-02 05:14:00,CELL_020,41.0,5.283,60.81,201,-102.2,-4.43,0.0241,1,link_5,68.0,5.0,1.0,file_transfer,0.0
2024-01-02 05:15:00,CELL_016,63.3,1.381,280.06,17,-72.3,-10.26,0.1528,0,link_6,30.0,1.0,1.0,http,0.0
2024-01-02 05:16:00,CELL_018,60.8,6.391,721.81,47,-94.4,-13.89,1.9727,1,link_7,10.0,2.0,1.0,video,0.0
2024-01-02 05:17:00,CELL_010,73.4,6.918,819.96,41,-111.1,-12.92,1.4411,1,link_8,26.0,3.0,1.0,voip,0.0
2024-01-02 05:18:00,CELL_008,66.2,10.461,712.84,57,-74.8,-19.14,0.2863,1,link_9,64.0,4.0,1.0,file_transfer,0.0
2024-01-02 05:19:00,CELL_018,90.3,11.94,869.97,50,-109.9,-19.99,0.0342,1,link_10,89.0,5.0,1.0,http,0.0
2024-01-02 05:20:00,CELL_001,60.2,2.006,246.06,5,-81.1,-18.93,0.0007,1,link_1,12.0,2.0,1.0,http,0.0
2024-01-02 05:21:00,CELL_008,85.2,5.081,1254.63,4,-88.9,-8.91,0.1649,1,link_2,40.0,3.0,1.0,video,0.0
2024-01-02 05:22:00,CELL_006,48.2,1.329,235.77,17,-105.1,-4.02,0.1667,0,link_3,77.0,4.0,1.0,voip,0.0
2024-01-02 05:23:00,CELL_005,31.1,17.505,39.89,206,-86.0,-15.99,1.0862,1,link_4,89.0,5.0,1.0,file_transfer,0.0
2024-01-02 05:24:00,CELL_015,57.2,1.7,223.4,18,-91.4,-14.54,0.0107,1,link_5,65.0,1.0,1.0,http,0.0
2024-01-02 05:25:00,CELL_015,65.4,2.195,166.25,9,-71.9,-9.7,0.0253,1,link_6,27.0,2.0,1.0,video,0.0
2024-01-02 05:26:00,CELL_002,31.0,35.272,45.84,208,-108.5,-7.1,0.345,1,link_7,10.0,3.0,1.0,voip,0.0
2024-01-02 05:27:00,CELL_001,59.0,2.095,277.47,10,-84.8,-4.22,0.1351,0,link_8,29.0,4.0,1.0,file_transfer,0.0
2024-01-02 05:28:00,CELL_011,42.9,31.328,53.3,209,-87.0,-11.87,0.5879,1,link_9,68.0,5.0,1.0,http,0.0
2024-01-02 05:29:00,CELL_010,77.4,8.72,956.57,40,-104.5,-18.71,0.4685,1,link_10,89.0,1.0,1.0,video,0.0
2024-01-02 05:30:00,CELL_018,82.7,8.956,668.37,46,-79.0,-14.58,0.9729,1,link_1,13.0,3.0,1.0,video,0.0
2024-01-02 05:31:00,CELL_018,20.1,27.323,22.21,207,-103.7,-18.16,0.1773,1,link_2,44.0,4.0,1.0,voip,0.0
2024-01-02 05:32:00,CELL_017,50.3,2.054,279.96,18,-97.8,-16.97,0.0576,1,link_3,80.0,5.0,1.0,file_transfer,0.0
2024-01-02 05:33:00,CELL_008,24.1,36.613,41.14,209,-116.0,-8.96,0.5187,1,link_4,88.0,1.0,1.0,http,0.0
2024-01-02 05:34:00,CELL_015,95.1,4.342,1096.56,7,-105.3,-16.74,0.0706,1,link_5,61.0,2.0,1.0,video,0.0
2024-01-02 05:35:00,CELL_008,71.6,8.283,798.68,51,-85.7,-7.3,0.6991,1,link_6,23.0,3.0,1.0,voip,0.0
2024-01-02 05:36:00,CELL_017,71.3,1.033,235.24,8,-75.8,-11.86,0.0051,1,link_7,10.0,4.0,1.0,file_transfer,0.0
2024-01-02 05:37:00,CELL_012,70.3,4.203,937.58,51,-72.8,-15.65,0.0154,1,link_8,33.0,5.0,1.0,http,0.0
2024-01-02 05:38:00,CELL_008,65.5,1.972,274.7,12,-94.6,-10.87,0.0089,1,link_9,71.0,1.0,1.0,video,0.0
2024-01-02 05:39:00,CELL_014,42.7,34.057,32.56,216,-95.4,-12.46,1.4281,1,link_10,89.0,2.0,1.0,voip,0.0
2024-01-02 05:40:00,CELL_004,63.1,9.002,597.11,51,-89.9,-8.23,1.1744,1,link_1,15.0,4.0,1.0,voip,0.0
2024-01-02 05:41:00,CELL_001,77.0,2.027,243.05,9,-81.1,-11.04,0.0129,1,link_2,48.0,5.0,1.0,file_transfer,0.0
2024-01-02 05:42:00,CELL_001,48.1,39.037,30.87,187,-108.2,-4.38,0.7734,1,link_3,82.0,1.0,1.0,http,0.0
2024-01-02 05:43:00,CELL_019,68.2,8.726,860.66,43,-94.4,-13.03,0.5102,1,link_4,87.0,2.0,1.0,video,0.0
2024-01-02 05:44:00,CELL_016,24.3,26.103,56.7,188,-98.1,-9.28,2.9882,1,link_5,57.0,3.0,1.0,voip,0.0
2024-01-02 05:45:00,CELL_014,65.7,2.154,119.04,10,-117.9,-9.06,0.0063,1,link_6,21.0,4.0,1.0,file_transfer,0.0
2024-01-02 05:46:00,CELL_016,85.8,4.666,961.5,10,-79.8,-5.7,0.1589,1,link_7,11.0,5.0,1.0,http,0.0
2024-01-02 05:47:00,CELL_005,87.5,10.743,546.09,48,-110.3,-5.7,0.2907,1,link_8,36.0,1.0,1.0,video,0.0
2024-01-02 05:48:00,CELL_009,60.7,12.522,757.15,33,-98.5,-16.11,0.8745,1,link_9,74.0,2.0,1.0,voip,0.0
2024-01-02 05:49:00,CELL_002,59.2,1.709,290.0,8,-103.6,-9.04,0.0419,1,link_10,89.0,3.0,1.0,file_transfer,0.0
2024-01-02 05:50:00,CELL_018,75.7,8.453,1009.23,40,-75.9,-17.91,0.6042,1,link_1,17.0,5.0,1.0,file_transfer,0.0
2024-01-02 05:51:00,CELL_006,62.1,7.023,1419.54,11,-85.8,-14.29,0.1618,1,link_2,52.0,1.0,1.0,http,0.0
2024-01-02 05:52:00,CELL_009,47.7,7.307,582.78,47,-91.9,-15.0,0.3212,1,link_3,84.0,2.0,1.0,video,0.0
2024-01-02 05:53:00,CELL_001,31.5,21.529,42.15,167,-88.5,-5.54,0.5218,1,link_4,85.0,3.0,1.0,voip,0.0
2024-01-02 05:54:00,CELL_009,56.8,2.66,291.14,6,-77.4,-6.34,0.0553,1,link_5,53.0,4.0,1.0,file_transfer,0.0
2024-01-02 05:55:00,CELL_016,83.1,8.635,617.16,30,-115.0,-4.18,0.7753,1,link_6,18.0,5.0,1.0,http,0.0
2024-01-02 05:56:00,CELL_013,54.0,7.64,823.53,54,-82.6,-12.21,2.9347,0,link_7,12.0,1.0,1.0,video,0.0
2024-01-02 05:57:00,CELL_009,76.1,1.669,158.7,12,-103.2,-8.22,0.0559,1,link_8,40.0,2.0,1.0,voip,0.0
2024-01-02 05:58:00,CELL_013,46.9,1.206,137.68,12,-97.3,-6.46,0.0712,1,link_9,77.0,3.0,1.0,file_transfer,0.0
2024-01-02 05:59:00,CELL_009,78.1,6.125,760.73,54,-106.0,-7.48,0.1623,1,link_10,89.0,4.0,1.0,http,0.0
2024-01-02 06:00:00,CELL_011,83.7,6.006,1230.79,6,-105.4,-13.41,0.0258,1,link_1,19.0,1.0,1.0,http,0.0
2024-01-02 06:01:00,CELL_004,73.1,9.817,910.94,37,-100.4,-7.09,0.4583,1,link_2,55.0,2.0,1.0,video,0.0
2024-01-02 06:02:00,CELL_002,58.6,1.819,329.35,10,-96.4,-3.9,0.0024,1,link_3,86.0,3.0,1.0,voip,0.0
2024-01-02 06:03:00,CELL_006,65.6,1.527,238.11,7,-100.5,-18.23,0.0822,1,link_4,83.0,4.0,1.0,file_transfer,0.0
2024-01-02 06:04:00,CELL_014,70.5,7.18,500.02,39,-89.8,-9.07,0.3872,1,link_5,49.0,5.0,1.0,http,0.0
2024-01-02 06:05:00,CELL_004,73.0,3.546,1015.47,11,-83.6,-3.6,0.1324,1,link_6,16.0,1.0,1.0,video,0.0
2024-01-02 06:06:00,CELL_006,59.5,7.688,570.17,50,-115.3,-9.99,0.3662,1,link_7,13.0,2.0,1.0,voip,0.0
2024-01-02 06:07:00,CELL_019,65.9,10.449,833.68,32,-90.1,-9.93,0.8046,1,link_8,44.0,3.0,1.0,file_transfer,0.0
2024-01-02 06:08:00,CELL_006,66.1,7.3,811.43,40,-76.1,-15.28,0.3777,1,link_9,80.0,4.0,1.0,http,0.0
2024-01-02 06:09:00,CELL_002,68.3,1.585,209.13,18,-102.5,-8.57,0.0505,1,link_10,88.0,5.0,1.0,video,0.0
2024-01-02 06:10:00,CELL_018,55.1,2.054,207.89,17,-73.8,-8.81,0.0239,1,link_1,22.0,2.0,1.0,video,0.0
2024-01-02 06:11:00,CELL_013,60.6,2.147,204.35,13,-80.9,-17.25,0.0048,1,link_2,59.0,3.0,1.0,voip,0.0
2024-01-02 06:12:00,CELL_009,80.1,6.433,684.56,44,-115.4,-16.51,0.0249,1,link_3,87.0,4.0,1.0,file_transfer,0.0
2024-01-02 06:13:00,CELL_019,80.5,7.001,1009.64,47,-89.1,-15.46,0.0485,1,link_4,81.0,5.0,1.0,http,0.0
2024-01-02 06:14:00,CELL_013,34.4,33.22,13.72,194,-95.2,-3.4,1.1113,1,link_5,45.0,1.0,1.0,video,0.0
2024-01-02 06:15:00,CELL_011,78.8,5.395,784.57,52,-108.7,-3.6,0.264,1,link_6,14.0,2.0,1.0,voip,0.0
2024-01-02 06:16:00,CELL_001,54.7,34.087,50.03,192,-113.0,-15.06,0.2215,1,link_7,15.0,3.0,1.0,file_transfer,0.0
2024-01-02 06:17:00,CELL_007,79.6,7.414,730.88,44,-93.3,-18.76,0.2913,1,link_8,48.0,4.0,1.0,http,0.0
2024-01-02 06:18:00,CELL_015,26.1,32.83,54.3,206,-105.7,-16.0,0.522,1,link_9,82.0,5.0,1.0,video,0.0
2024-01-02 06:19:00,CELL_001,98.1,9.341,685.26,39,-104.7,-7.3,0.6388,1,link_10,86.0,1.0,1.0,voip,0.0
2024-01-02 06:20:00,CELL_012,61.4,1.984,180.75,14,-86.7,-11.7,0.0456,1,link_1,25.0,3.0,1.0,voip,0.0
2024-01-02 06:21:00,CELL_007,79.2,6.964,684.7,46,-83.6,-12.15,0.1493,1,link_2,63.0,4.0,1.0,file_transfer,0.0
2024-01-02 06:22:00,CELL_015,64.6,7.576,815.2,52,-116.4,-10.51,0.1972,1,link_3,89.0,5.0,1.0,http,0.0
2024-01-02 06:23:00,CELL_019,65.7,9.095,917.46,37,-118.6,-3.4,1.2721,1,link_4,78.0,1.0,1.0,video,0.0
2024-01-02 06:24:00,CELL_001,56.2,9.647,808.84,47,-94.6,-11.69,0.0259,1,link_5,41.0,2.0,1.0,voip,0.0
2024-01-02 06:25:00,CELL_017,76.5,9.602,929.92,44,-111.8,-13.67,0.2188,1,link_6,12.0,3.0,1.0,file_transfer,0.0
2024-01-02 06:26:00,CELL_017,41.7,1.107,186.92,14,-77.8,-4.93,0.0101,1,link_7,17.0,4.0,1.0,http,0.0
2024-01-02 06:27:00,CELL_003,56.4,1.672,201.32,19,-110.3,-13.92,0.1626,0,link_8,52.0,5.0,1.0,video,0.0
2024-01-02 06:28:00,CELL_012,31.5,30.322,63.84,175,-98.3,-13.66,0.489,1,link_9,85.0,1.0,1.0,voip,0.0
2024-01-02 06:29:00,CELL_006,52.4,0.898,191.08,9,-100.7,-13.51,0.021,1,link_10,85.0,2.0,1.0,file_transfer,0.0
2024-01-02 06:30:00,CELL_011,64.0,2.477,184.48,11,-83.7,-12.11,0.0479,1,link_1,29.0,4.0,1.0,file_transfer,0.0
2024-01-02 06:31:00,CELL_003,42.9,1.928,217.23,19,-84.6,-9.85,0.0146,1,link_2,67.0,5.0,1.0,http,0.0
2024-01-02 06:32:00,CELL_008,52.3,2.442,337.47,19,-76.5,-9.62,0.0223,1,link_3,89.0,1.0,1.0,video,0.0
2024-01-02 06:33:00,CELL_014,46.0,1.385,195.1,9,-102.1,-17.89,0.0313,1,link_4,75.0,2.0,1.0,voip,0.0
2024-01-02 06:34:00,CELL_014,32.9,10.739,45.37,181,-119.8,-3.61,0.2373,1,link_5,37.0,3.0,1.0,file_transfer,0.0
2024-01-02 06:35:00,CELL_010,79.5,14.143,824.54,51,-92.9,-8.38,0.5485,1,link_6,11.0,4.0,1.0,http,0.0
2024-01-02 06:36:00,CELL_002,71.3,9.137,1083.16,40,-88.9,-12.86,0.0982,1,link_7,20.0,5.0,1.0,video,0.0
2024-01-02 06:37:00,CELL_014,59.7,1.541,146.11,11,-118.0,-8.82,0.0441,1,link_8,56.0,1.0,1.0,voip,0.0
2024-01-02 06:38:00,CELL_009,81.6,8.401,738.42,43,-107.7,-16.45,0.023,1,link_9,86.0,2.0,1.0,file_transfer,0.0
2024-01-02 06:39:00,CELL_003,51.3,35.444,68.47,199,-118.6,-17.5,1.0365,1,link_10,83.0,3.0,1.0,http,0.0
2024-01-02 06:40:00,CELL_008,40.6,41.739,43.88,186,-73.9,-10.55,1.6744,1,link_1,32.0,5.0,1.0,http,0.0
2024-01-02 06:41:00,CELL_016,68.3,8.019,850.71,36,-115.6,-19.4,0.9558,1,link_2,70.0,1.0,1.0,video,0.0
2024-01-02 06:42:00,CELL_002,72.7,10.169,771.16,44,-101.3,-13.48,0.2287,1,link_3,89.0,2.0,1.0,voip,0.0
2024-01-02 06:43:00,CELL_006,61.0,1.372,251.43,10,-82.7,-8.9,0.041,1,link_4,72.0,3.0,1.0,file_transfer,0.0
2024-01-02 06:44:00,CELL_012,49.7,2.257,188.12,19,-117.0,-3.14,0.0342,1,link_5,34.0,4.0,1.0,http,0.0
2024-01-02 06:45:00,CELL_005,85.1,8.631,913.8,46,-75.1,-5.62,0.6278,1,link_6,10.0,5.0,1.0,video,0.0
2024-01-02 06:46:00,CELL_002,30.9,26.524,58.71,195,-97.1,-16.77,0.5687,1,link_7,23.0,1.0,1.0,voip,0.0
2024-01-02 06:47:00,CELL_016,62.1,2.141,203.91,16,-106.7,-5.58,0.0141,1,link_8,60.0,2.0,1.0,file_transfer,0.0
2024-01-02 06:48:00,CELL_005,80.1,8.917,806.5,39,-85.8,-12.65,1.3159,1,link_9,88.0,3.0,1.0,http,0.0
2024-01-02 06:49:00,CELL_015,62.2,9.822,798.29,41,-73.3,-3.75,0.0137,1,link_10,80.0,4.0,1.0,video,0.0
2024-01-02 06:50:00,CELL_012,40.9,26.111,34.1,185,-87.0,-4.41,0.8107,1,link_1,36.0,1.0,1.0,video,0.0
2024-01-02 06:51:00,CELL_004,70.7,9.447,710.94,38,-115.8,-17.34,1.7765,1,link_2,74.0,2.0,1.0,voip,0.0
2024-01-02 06:52:00,CELL_015,41.5,41.777,32.93,193,-94.5,-11.91,1.8782,1,link_3,89.0,3.0,1.0,file_transfer,0.0
2024-01-02 06:53:00,CELL_011,40.3,2.168,270.35,14,-80.7,-8.21,0.0652,1,link_4,68.0,4.0,1.0,http,0.0
2024-01-02 06:54:00,CELL_016,48.1,1.976,215.67,10,-70.5,-16.81,0.123,0,link_5,30.0,5.0,1.0,video,0.0
2024-01-02 06:55:00,CELL_006,36.1,36.489,36.4,209,-71.7,-4.84,0.0008,1,link_6,10.0,1.0,1.0,voip,0.0
2024-01-02 06:56:00,CELL_014,24.5,22.974,39.92,204,-93.0,-5.62,0.5434,1,link_7,26.0,2.0,1.0,file_transfer,0.0
2024-01-02 06:57:00,CELL_018,71.0,8.045,854.96,44,-112.8,-15.63,0.2756,1,link_8,64.0,3.0,1.0,http,0.0
2024-01-02 06:58:00,CELL_012,67.9,10.503,874.78,38,-87.8,-17.42,0.2975,1,link_9,89.0,4.0,1.0,video,0.0
2024-01-02 06:59:00,CELL_011,39.0,17.658,42.85,203,-96.9,-5.41,0.5981,1,link_10,77.0,5.0,1.0,voip,0.0
2024-01-02 07:00:00,CELL_013,61.7,1.367,218.32,10,-88.7,-10.32,0.0323,1,link_1,40.0,2.0,1.0,voip,0.0
2024-01-02 07:01:00,CELL_011,56.4,7.639,730.39,46,-113.7,-11.74,0.1115,1,link_2,77.0,3.0,1.0,file_transfer,0.0
2024-01-02 07:02:00,CELL_016,78.8,4.029,1146.44,11,-74.7,-15.12,0.1318,1,link_3,89.0,4.0,1.0,http,0.0
2024-01-02 07:03:00,CELL_015,67.6,10.054,593.55,48,-106.3,-4.82,0.3021,1,link_4,65.0,5.0,1.0,video,0.0
2024-01-02 07:04:00,CELL_015,70.8,7.464,1116.7,33,-97.1,-5.44,0.5273,1,link_5,27.0,1.0,1.0,voip,0.0
2024-01-02 07:05:00,CELL_004,64.1,6.653,843.62,41,-111.0,-4.22,0.891,1,link_6,10.0,2.0,1.0,file_transfer,0.0
2024-01-02 07:06:00,CELL_011,51.2,1.635,271.57,8,-71.4,-19.92,0.0276,1,link_7,29.0,3.0,1.0,http,0.0
2024-01-02 07:07:00,CELL_019,58.2,2.164,228.48,8,-83.4,-14.12,0.1359,0,link_8,68.0,4.0,1.0,video,0.0
2024-01-02 07:08:00,CELL_015,82.2,7.77,734.18,51,-97.6,-11.56,0.0344,1,link_9,89.0,5.0,1.0,voip,0.0
2024-01-02 07:09:00,CELL_004,86.0,10.095,974.19,49,-114.3,-19.39,0.3616,1,link_10,74.0,1.0,1.0,file_transfer,0.0
2024-01-02 07:10:00,CELL_013,68.9,10.16,844.18,51,-107.1,-18.15,0.2247,1,link_1,44.0,3.0,1.0,file_transfer,0.0
2024-01-02 07:11:00,CELL_019,61.2,1.319,392.2,10,-81.3,-17.43,0.0299,1,link_2,80.0,4.0,1.0,http,0.0
2024-01-02 07:12:00,CELL_002,61.9,10.485,810.28,48,-103.2,-12.99,1.0207,1,link_3,88.0,5.0,1.0,video,0.0
2024-01-02 07:13:00,CELL_014,82.9,5.592,1120.59,7,-76.2,-18.83,0.0587,1,link_4,61.0,1.0,1.0,voip,0.0
2024-01-02 07:14:00,CELL_004,73.0,5.738,960.2,33,-119.3,-6.79,0.2213,1,link_5,23.0,2.0,1.0,file_transfer,0.0
2024-01-02 07:15:00,CELL_016,75.3,4.286,1094.09,11,-111.0,-16.54,0.6342,0,link_6,10.0,3.0,1.0,http,0.0
2024-01-02 07:16:00,CELL_020,73.4,6.719,723.44,45,-102.3,-19.85,0.3041,1,link_7,33.0,4.0,1.0,video,0.0
2024-01-02 07:17:00,CELL_014,37.6,15.861,58.19,190,-90.3,-10.17,0.8693,1,link_8,71.0,5.0,1.0,voip,0.0
2024-01-02 07:18:00,CELL_015,93.6,7.919,966.38,44,-72.5,-15.56,1.4314,1,link_9,89.0,1.0,1.0,file_transfer,0.0
2024-01-02 07:19:00,CELL_003,77.4,10.751,821.99,48,-93.2,-6.56,0.1785,1,link_10,71.0,2.0,1.0,http,0.0
2024-01-02 07:20:00,CELL_008,20.2,16.857,42.61,192,-71.7,-14.33,0.4275,1,link_1,48.0,4.0,1.0,http,0.0
2024-01-02 07:21:00,CELL_016,32.1,36.273,61.96,221,-96.9,-7.69,1.312,1,link_2,82.0,5.0,1.0,video,0.0
2024-01-02 07:22:00,CELL_010,48.0,1.052,228.97,15,-77.3,-11.71,0.0124,1,link_3,87.0,1.0,1.0,voip,0.0
2024-01-02 07:23:00,CELL_004,41.5,37.162,67.24,210,-71.5,-13.92,1.2773,1,link_4,57.0,2.0,1.0,file_transfer,0.0
2024-01-02 07:24:00,CELL_018,52.2,1.658,234.76,8,-113.6,-11.97,0.0555,1,link_5,21.0,3.0,1.0,http,0.0
2024-01-02 07:25:00,CELL_002,24.1,19.224,48.01,221,-79.1,-9.77,2.8636,1,link_6,11.0,4.0,1.0,video,0.0
2024-01-02 07:26:00,CELL_017,80.3,8.408,945.73,40,-94.6,-12.48,0.8422,1,link_7,36.0,5.0,1.0,voip,0.0
2024-01-02 07:27:00,CELL_013,61.9,1.774,184.12,14,-116.1,-4.45,0.0162,1,link_8,74.0,1.0,1.0,file_transfer,0.0
2024-01-02 07:28:00,CELL_004,42.3,1.431,247.85,16,-119.2,-13.05,0.0599,1,link_9,89.0,2.0,1.0,http,0.0
2024-01-02 07:29:00,CELL_011,74.8,10.675,772.34,52,-103.9,-12.32,0.1089,1,link_10,68.0,3.0,1.0,video,0.0
2024-01-02 07:30:00,CELL_007,27.2,21.934,49.44,230,-88.6,-3.7,0.8976,1,link_1,52.0,5.0,1.0,video,0.0
2024-01-02 07:31:00,CELL_012,53.2,9.064,825.0,46,-82.9,-7.99,0.2628,1,link_2,84.0,1.0,1.0,voip,0.0
2024-01-02 07:32:00,CELL_010,67.0,10.58,796.84,44,-119.8,-3.67,0.0318,1,link_3,85.0,2.0,1.0,file_transfer,0.0
2024-01-02 07:33:00,CELL_007,55.6,1.804,258.19,16,-75.2,-5.11,0.0137,1,link_4,53.0,3.0,1.0,http,0.0
2024-01-02 07:34:00,CELL_013,44.2,1.515,137.89,15,-110.6,-8.43,0.0517,1,link_5,18.0,4.0,1.0,video,0.0
2024-01-02 07:35:00,CELL_007,47.6,10.93,889.54,51,-77.9,-5.63,0.477,1,link_6,12.0,5.0,1.0,voip,0.0
2024-01-02 07:36:00,CELL_017,85.9,7.458,719.23,46,-114.4,-12.99,0.0363,1,link_7,40.0,1.0,1.0,file_transfer,0.0
2024-01-02 07:37:00,CELL_010,80.9,4.074,1434.6,10,-109.0,-8.46,0.1676,1,link_8,77.0,2.0,1.0,http,0.0
2024-01-02 07:38:00,CELL_010,79.9,10.47,1006.0,55,-92.1,-9.71,0.1943,1,link_9,89.0,3.0,1.0,video,0.0
2024-01-02 07:39:00,CELL_004,53.8,2.197,251.2,9,-71.7,-3.25,0.0278,1,link_10,64.0,4.0,1.0,voip,0.0
2024-01-02 07:40:00,CELL_020,28.3,36.563,41.56,197,-70.2,-6.87,0.8236,1,link_1,55.0,1.0,1.0,voip,0.0
2024-01-02 07:41:00,CELL_004,54.8,1.785,252.48,10,-105.2,-18.22,0.0597,1,link_2,86.0,2.0,1.0,file_transfer,0.0
2024-01-02 07:42:00,CELL_007,73.4,4.613,1502.27,3,-102.3,-6.28,0.1613,1,link_3,83.0,3.0,1.0,http,0.0
2024-01-02 07:43:00,CELL_001,36.2,6.007,32.09,194,-112.6,-18.53,2.526,1,link_4,49.0,4.0,1.0,video,0.0
2024-01-02 07:44:00,CELL_012,45.6,1.448,298.35,16,-70.7,-5.94,0.091,1,link_5,16.0,5.0,1.0,voip,0.0
2024-01-02 07:45:00,CELL_013,63.5,2.111,291.95,10,-91.0,-11.81,0.0735,1,link_6,13.0,1.0,1.0,file_transfer,0.0
2024-01-02 07:46:00,CELL_010,55.3,2.327,214.81,11,-112.6,-13.13,0.0617,1,link_7,44.0,2.0,1.0,http,0.0
2024-01-02 07:47:00,CELL_015,68.7,1.695,219.54,10,-72.7,-12.64,0.0497,1,link_8,80.0,3.0,1.0,video,0.0
2024-01-02 07:48:00,CELL_013,33.3,23.079,56.35,195,-97.1,-6.08,0.1511,1,link_9,88.0,4.0,1.0,voip,0.0
2024-01-02 07:49:00,CELL_009,77.1,8.983,742.31,46,-73.8,-11.34,0.2804,1,link_10,60.0,5.0,1.0,file_transfer,0.0
2024-01-02 07:50:00,CELL_009,70.4,13.88,706.79,55,-108.2,-4.91,1.6391,1,link_1,59.0,2.0,1.0,file_transfer,0.0
2024-01-02 07:51:00,CELL_015,73.3,9.789,746.96,44,-96.9,-4.73,0.8998,1,link_2,87.0,3.0,1.0,http,0.0
2024-01-02 07:52:00,CELL_010,71.8,6.814,560.08,43,-100.2,-3.13,0.2961,1,link_3,81.0,4.0,1.0,video,0.0
2024-01-02 07:53:00,CELL_010,86.1,5.53,914.59,39,-101.8,-9.68,0.1439,1,link_4,45.0,5.0,1.0,voip,0.0
2024-01-02 07:54:00,CELL_008,26.0,14.112,47.59,193,-95.2,-11.82,0.73,1,link_5,14.0,1.0,1.0,file_transfer,0.0
2024-01-02 07:55:00,CELL_016,35.4,2.121,250.65,7,-105.3,-5.5,0.0132,1,link_6,15.0,2.0,1.0,http,0.0
2024-01-02 07:56:00,CELL_017,48.5,1.321,387.52,6,-109.6,-6.72,0.0293,1,link_7,48.0,3.0,1.0,video,0.0
2024-01-02 07:57:00,CELL_005,52.3,1.843,240.42,8,-115.5,-7.34,0.1495,0,link_8,82.0,4.0,1.0,voip,0.0
2024-01-02 07:58:00,CELL_004,42.3,21.404,53.96,168,-107.5,-13.6,1.6305,1,link_9,86.0,5.0,1.0,file_transfer,0.0
2024-01-02 07:59:00,CELL_018,44.4,1.876,153.31,10,-93.0,-12.45,0.0325,1,link_10,56.0,1.0,0.0,http,1.0
2024-01-02 08:00:00,CELL_019,33.4,22.088,23.06,193,-109.3,-12.78,0.6546,1,link_1,63.0,3.0,1.0,http,0.0
2024-01-02 08:01:00,CELL_004,68.3,8.255,1033.66,53,-113.3,-18.11,1.0903,1,link_2,89.0,4.0,1.0,video,0.0
2024-01-02 08:02:00,CELL_007,77.9,3.998,1392.44,8,-100.5,-5.51,0.0581,1,link_3,78.0,5.0,1.0,voip,0.0
2024-01-02 08:03:00,CELL_010,69.4,1.459,280.22,8,-93.8,-17.25,0.0395,1,link_4,41.0,1.0,1.0,file_transfer,0.0
2024-01-02 08:04:00,CELL_018,79.2,11.951,870.38,59,-70.3,-17.18,0.2898,1,link_5,12.0,2.0,1.0,http,0.0
2024-01-02 08:05:00,CELL_019,51.0,1.529,263.64,10,-113.6,-19.66,0.0206,1,link_6,17.0,3.0,1.0,video,0.0
2024-01-02 08:06:00,CELL_004,52.9,1.933,303.68,10,-70.5,-15.27,0.0097,1,link_7,52.0,4.0,1.0,voip,0.0
2024-01-02 08:07:00,CELL_010,84.5,7.06,874.7,35,-108.7,-15.73,0.1877,1,link_8,85.0,5.0,1.0,file_transfer,0.0
2024-01-02 08:08:00,CELL_001,58.2,1.835,104.25,12,-93.9,-11.18,0.0039,1,link_9,85.0,1.0,0.0,http,1.0
2024-01-02 08:09:00,CELL_018,57.8,6.005,827.43,50,-115.9,-18.47,0.4996,1,link_10,52.0,2.0,1.0,video,0.0
2024-01-02 08:10:00,CELL_005,72.2,6.215,711.85,39,-75.6,-10.86,2.6718,0,link_1,67.0,4.0,1.0,video,0.0
2024-01-02 08:11:00,CELL_015,82.0,5.386,962.31,8,-76.4,-12.85,0.5716,0,link_2,89.0,5.0,1.0,voip,0.0
2024-01-02 08:12:00,CELL_017,65.5,2.023,283.9,11,-118.6,-17.46,0.0031,1,link_3,75.0,1.0,1.0,file_transfer,0.0
2024-01-02 08:13:00,CELL_003,39.5,46.769,11.02,211,-91.6,-13.43,0.1897,1,link_4,37.0,2.0,1.0,http,0.0
2024-01-02 08:14:00,CELL_012,48.6,1.638,191.27,11,-95.7,-18.41,0.0208,1,link_5,11.0,3.0,1.0,video,0.0
2024-01-02 08:15:00,CELL_002,89.8,8.18,956.58,45,-101.7,-10.21,0.2962,1,link_6,20.0,4.0,1.0,voip,0.0
2024-01-02 08:16:00,CELL_001,52.6,1.735,170.66,10,-79.1,-16.69,0.0178,1,link_7,56.0,5.0,1.0,file_transfer,0.0
2024-01-02 08:17:00,CELL_017,50.7,1.458,324.56,13,-94.6,-14.82,0.0729,1,link_8,86.0,1.0,0.0,http,1.0
2024-01-02 08:18:00,CELL_016,70.5,4.2,1275.81,4,-111.3,-4.89,0.2755,1,link_9,83.0,2.0,1.0,video,0.0
2024-01-02 08:19:00,CELL_005,71.9,10.537,735.01,56,-70.6,-8.15,0.0326,1,link_10,48.0,3.0,1.0,voip,0.0
2024-01-02 08:20:00,CELL_015,41.5,21.398,31.81,188,-106.5,-15.28,0.5981,1,link_1,70.0,5.0,1.0,voip,0.0
2024-01-02 08:21:00,CELL_003,86.6,5.729,1428.93,6,-111.0,-11.93,0.829,0,link_2,89.0,1.0,1.0,file_transfer,0.0
2024-01-02 08:22:00,CELL_007,57.9,1.273,153.1,11,-87.9,-11.16,0.0889,1,link_3,72.0,2.0,1.0,http,0.0
2024-01-02 08:23:00,CELL_011,76.3,4.421,1042.57,11,-84.5,-15.95,0.3072,1,link_4,34.0,3.0,1.0,video,0.0
2024-01-02 08:24:00,CELL_010,91.3,6.49,900.09,33,-116.3,-10.47,1.0626,1,link_5,10.0,4.0,1.0,voip,0.0
2024-01-02 08:25:00,CELL_009,77.4,3.752,1395.52,8,-77.3,-4.51,0.0732,1,link_6,23.0,5.0,1.0,file_transfer,0.0
2024-01-02 08:26:00,CELL_014,22.5,21.776,63.52,181,-95.5,-15.5,0.3951,1,link_7,60.0,1.0,0.0,http,1.0
2024-01-02 08:27:00,CELL_013,72.8,11.824,637.67,38,-74.7,-10.76,1.1832,1,link_8,88.0,2.0,1.0,video,0.0
2024-01-02 08:28:00,CELL_002,85.6,5.285,1402.34,9,-98.2,-11.53,0.2334,1,link_9,80.0,3.0,1.0,voip,0.0
2024-01-02 08:29:00,CELL_003,66.2,1.407,259.02,19,-91.4,-3.48,0.0041,1,link_10,44.0,4.0,1.0,file_transfer,0.0
2024-01-02 08:30:00,CELL_007,56.9,2.27,238.79,15,-86.3,-5.44,0.0546,1,link_1,74.0,1.0,1.0,file_transfer,0.0
2024-01-02 08:31:00,CELL_018,45.1,1.209,252.64,12,-117.3,-18.19,0.0711,1,link_2,89.0,2.0,1.0,http,0.0
2024-01-02 08:32:00,CELL_003,74.2,9.599,785.64,47,-97.0,-12.59,0.04,1,link_3,68.0,3.0,1.0,video,0.0
2024-01-02 08:33:00,CELL_010,57.6,2.468,211.27,11,-111.9,-13.56,0.0166,1,link_4,30.0,4.0,1.0,voip,0.0
2024-01-02 08:34:00,CELL_007,55.5,24.566,46.73,177,-91.3,-13.07,0.371,1,link_5,10.0,5.0,1.0,file_transfer,0.0
2024-01-02 08:35:00,CELL_009,85.4,7.934,662.16,47,-85.8,-18.34,0.2933,1,link_6,26.0,1.0,0.0,http,1.0
2024-01-02 08:36:00,CELL_017,87.5,3.58,832.31,55,-80.0,-18.88,0.2923,1,link_7,64.0,2.0,1.0,video,0.0
2024-01-02 08:37:00,CELL_011,79.1,4.718,975.92,45,-92.4,-11.08,0.1541,1,link_8,89.0,3.0,1.0,voip,0.0
2024-01-02 08:38:00,CELL_007,60.8,1.504,185.13,14,-107.2,-10.6,0.0038,1,link_9,77.0,4.0,1.0,file_transfer,0.0
2024-01-02 08:39:00,CELL_014,35.6,12.151,42.13,187,-112.2,-15.33,0.1476,1,link_10,41.0,5.0,1.0,http,0.0
2024-01-02 08:40:00,CELL_019,56.6,25.228,60.61,200,-96.5,-3.03,0.0526,1,link_1,77.0,2.0,1.0,http,0.0
2024-01-02 08:41:00,CELL_004,61.0,3.543,1054.96,6,-71.1,-15.27,0.1133,1,link_2,89.0,3.0,1.0,video,0.0
2024-01-02 08:42:00,CELL_006,47.1,1.676,189.35,9,-101.3,-19.14,0.0001,1,link_3,65.0,4.0,1.0,voip,0.0
2024-01-02 08:43:00,CELL_010,99.9,6.23,1018.35,39,-109.0,-12.39,0.7151,1,link_4,27.0,5.0,1.0,file_transfer,0.0
2024-01-02 08:44:00,CELL_007,75.2,3.577,1509.06,11,-91.2,-15.15,0.3104,1,link_5,10.0,1.0,0.0,http,1.0
2024-01-02 08:45:00,CELL_013,33.1,29.895,50.54,217,-118.6,-17.02,2.2544,1,link_6,29.0,2.0,1.0,video,0.0
2024-01-02 08:46:00,CELL_014,56.2,2.073,260.08,12,-118.0,-17.78,0.0278,1,link_7,68.0,3.0,1.0,voip,0.0
2024-01-02 08:47:00,CELL_004,74.2,2.229,267.36,14,-91.7,-18.17,0.143,0,link_8,89.0,4.0,1.0,file_transfer,0.0
2024-01-02 08:48:00,CELL_008,99.0,3.941,1168.98,13,-96.7,-4.31,0.0897,1,link_9,74.0,5.0,1.0,http,0.0
2024-01-02 08:49:00,CELL_005,42.6,21.043,66.39,208,-75.2,-7.17,3.8515,1,link_10,37.0,1.0,1.0,video,0.0
2024-01-02 08:50:00,CELL_001,64.3,9.677,876.51,50,-87.1,-18.14,1.9351,1,link_1,80.0,3.0,1.0,video,0.0
2024-01-02 08:51:00,CELL_004,36.1,24.584,60.81,166,-118.0,-14.89,0.4202,1,link_2,88.0,4.0,1.0,voip,0.0
2024-01-02 08:52:00,CELL_003,83.4,11.576,781.35,41,-111.6,-16.96,0.1718,1,link_3,61.0,5.0,1.0,file_transfer,0.0
2024-01-02 08:53:00,CELL_009,71.2,7.321,647.08,57,-116.1,-9.28,0.3246,1,link_4,23.0,1.0,0.0,http,1.0
2024-01-02 08:54:00,CELL_008,57.3,1.499,252.54,9,-76.8,-12.41,0.0674,1,link_5,10.0,2.0,1.0,video,0.0
2024-01-02 08:55:00,CELL_001,68.5,9.162,787.82,41,-118.7,-19.08,0.8555,1,link_6,33.0,3.0,1.0,voip,0.0
2024-01-02 08:56:00,CELL_006,80.5,9.911,630.83,59,-91.3,-11.36,0.0777,1,link_7,71.0,4.0,1.0,file_transfer,0.0
2024-01-02 08:57:00,CELL_009,84.6,14.24,857.39,31,-97.7,-6.33,1.4969,1,link_8,89.0,5.0,1.0,http,0.0
2024-01-02 08:58:00,CELL_007,59.3,1.598,233.03,7,-71.5,-3.54,0.0233,1,link_9,71.0,1.0,1.0,video,0.0
2024-01-02 08:59:00,CELL_004,42.4,22.951,51.86,217,-76.7,-13.3,0.5506,1,link_10,33.0,2.0,1.0,voip,0.0
2024-01-02 09:00:00,CELL_013,80.4,6.598,1107.07,8,-101.7,-17.34,0.1797,1,link_1,82.0,4.0,1.0,voip,0.0
2024-01-02 09:01:00,CELL_017,88.1,14.012,932.25,54,-88.6,-19.78,0.6184,1,link_2,87.0,5.0,1.0,file_transfer,0.0
2024-01-02 09:02:00,CELL_002,48.8,1.209,281.84,12,-86.5,-9.46,0.0305,1,link_3,57.0,1.0,0.0,http,1.0
2024-01-02 09:03:00,CELL_005,77.4,4.653,1011.56,9,-83.9,-16.99,0.1477,1,link_4,21.0,2.0,1.0,video,0.0
2024-01-02 09:04:00,CELL_012,71.9,10.45,673.57,41,-80.1,-6.67,0.151,1,link_5,11.0,3.0,1.0,voip,0.0
2024-01-02 09:05:00,CELL_008,28.7,18.81,66.13,202,-102.3,-17.56,2.4925,1,link_6,36.0,4.0,1.0,file_transfer,0.0
2024-01-02 09:06:00,CELL_006,46.1,32.041,76.62,199,-96.5,-14.88,2.3612,1,link_7,74.0,5.0,1.0,http,0.0
2024-01-02 09:07:00,CELL_008,62.5,12.459,646.14,41,-89.1,-8.82,0.0808,1,link_8,89.0,1.0,1.0,video,0.0
2024-01-02 09:08:00,CELL_018,39.7,24.323,22.73,190,-70.7,-11.66,0.0348,1,link_9,68.0,2.0,1.0,voip,0.0
2024-01-02 09:09:00,CELL_003,40.5,29.816,50.74,202,-92.8,-17.96,0.608,1,link_10,29.0,3.0,1.0,file_transfer,0.0
2024-01-02 09:10:00,CELL_012,61.5,7.394,691.11,54,-94.7,-13.35,0.6136,1,link_1,84.0,5.0,1.0,file_transfer,0.0
2024-01-02 09:11:00,CELL_003,98.9,8.987,659.14,52,-80.2,-8.05,0.1013,1,link_2,85.0,1.0,0.0,http,1.0
2024-01-02 09:12:00,CELL_006,51.5,8.637,586.63,48,-111.2,-8.95,0.3086,1,link_3,53.0,2.0,1.0,video,0.0
2024-01-02 09:13:00,CELL_002,57.1,8.358,871.32,41,-83.1,-6.54,0.6002,1,link_4,18.0,3.0,1.0,voip,0.0
2024-01-02 09:14:00,CELL_012,51.3,2.405,172.31,14,-116.3,-5.72,0.0214,1,link_5,12.0,4.0,1.0,file_transfer,0.0
2024-01-02 09:15:00,CELL_002,47.2,1.355,317.69,9,-113.2,-10.04,0.1386,0,link_6,40.0,5.0,1.0,http,0.0
2024-01-02 09:16:00,CELL_006,62.3,9.418,817.14,51,-77.9,-6.36,0.1741,1,link_7,77.0,1.0,1.0,video,0.0
2024-01-02 09:17:00,CELL_017,85.9,3.454,1030.0,8,-116.6,-10.63,0.1309,1,link_8,89.0,2.0,1.0,voip,0.0
2024-01-02 09:18:00,CELL_003,80.5,7.384,621.93,41,-76.1,-3.95,0.7866,1,link_9,64.0,3.0,1.0,file_transfer,0.0
2024-01-02 09:19:00,CELL_002,77.6,11.037,718.45,40,-101.0,-19.87,0.0645,1,link_10,26.0,4.0,1.0,http,0.0
2024-01-02 09:20:00,CELL_020,94.1,5.213,787.55,26,-113.9,-5.73,0.1953,1,link_10,26.0,4.0,1.0,http,0.0
2024-01-02 09:21:00,CELL_008,39.9,1.481,278.75,11,-86.9,-14.51,0.1474,0,link_10,26.0,4.0,1.0,http,0.0
2024-01-02 09:22:00,CELL_012,54.9,1.171,400.61,7,-96.8,-9.38,0.0263,1,link_10,26.0,4.0,1.0,http,0.0
2024-01-02 09:23:00,CELL_004,70.6,8.146,892.86,50,-114.0,-14.61,0.0511,1,link_10,26.0,4.0,1.0,http,0.0
2024-01-02 09:24:00,CELL_005,68.1,11.162,807.3,39,-99.0,-18.45,0.3502,1,link_10,26.0,4.0,1.0,http,0.0
